Item_Identifier,Item_Outlet_Sales
FDW58,1731.419
FDW14,1356.154
NCN55,613.88
FDQ58,2359.496
FDY38,6163.916
FDH56,1687.413
FDL48,601.149
FDC48,2158.121
FDN33,1509.89
FDA36,3219.077
FDT44,1966.407
FDQ56,1388.745
NCC54,625.283
FDU11,2139.178
DRL59,710.722
FDM24,2283.475
FDI57,3202.641
DRC12,2925.549
NCM42,2722.909
FDA46,506.303
FDA31,2840.472
NCJ31,3799.018
FDG52,769.78
NCL19,372.688
FDS10,2639.802
FDX22,566.14
NCF19,695.696
NCE06,2519.663
DRC27,3770.646
FDE21,2208.212
NCR42,74.22
FDX51,2850.758
NCR06,517.098
FDU31,5378.29
FDU59,2488.61
FDR03,5449.36
FDS49,2319.358
FDD48,278.485
NCF18,3040.819
NCD43,2513.616
NCD54,1609.906
FDY19,221.943
NCY54,2832.996
NCL19,2239.932
FDP23,526.559
FDC26,1736.513
FDR14,146.792
NCS41,3040.442
FDF41,3977.388
FDU34,1993.469
DRH11,1048.029
FDM03,1747.524
FDS31,3117.263
FDJ20,1863.204
FDV44,5181.66
FDG02,2769.568
FDA09,3092.944
FDT04,602.279
FDL58,450.424
FDE52,1362.368
FDW12,2379.09
FDL51,3434.498
NCY42,3252.287
FDR07,1537.741
FDN40,2179.91
FDB35,2431.292
FDA22,2528.048
NCL06,3959.409
FDI35,3172.066
NCW42,3621.745
NCX06,3126.06
FDC37,2719.138
FDZ14,1810.178
DRG49,4043.229
NCG06,3440.835
DRC36,2797.104
FDV21,333.638
FDB53,2573.474
DRP47,626.761
FDA14,2490.364
DRC24,2699.192
FDW21,1455.999
NCH29,1800.883
FDU58,3077.83
FDY27,2878.385
FDV56,1758.532
FDT59,3869.666
FDB23,3186.754
FDR49,731.433
FDB03,670.91
FDN39,2650.659
FDX02,5958.92
FDQ16,2450.754
FDU35,1440.654
NCT29,1980.582
FDZ27,737.748
FDN57,2182.568
FDA03,2106.944
FDZ36,3030.02
NCU05,1121.556
FDT39,1913.094
FDK60,1542.444
FDZ25,2862.582
FDG12,2221.911
DRB01,440.953
NCC43,6273.203
FDX13,439.507
FDM22,866.196
FDJ03,1413.154
FDU14,3690.697
FDB33,427.727
FDP27,3537.126
FDO38,190.27
FDE28,6295.892
FDO27,1555.72
DRL23,2513.648
FDS28,895.282
FDX24,1411.995
FDZ02,1537.896
FDL46,1622.32
FDS60,5289.12
NCO06,553.001
FDO16,1565.227
FDC60,1775.207
FDA48,3582.021
FDZ36,4786.167
FDK27,1915.922
FDW23,494.981
FDM14,1494.374
FDM14,1702.338
FDW60,2517.476
FDE21,1984.005
NCM42,1697.829
FDY59,243.089
DRI49,1306.511
FDT28,374.992
FDQ22,465.938
FDR60,1276.914
FDC50,255.361
FDV24,2230.144
DRF48,528.881
FDQ47,859.087
DRN36,1558.711
NCY06,2164.558
FDE52,1507.658
NCB54,1973.516
NCF31,2427.933
FDJ08,4910.094
NCC07,1622.586
NCD19,1574.91
FDL46,1907.137
FDM20,3968.647
NCI06,618.482
DRM11,4742.26
NCH07,2253.045
FDS23,1832.611
FDO49,660.015
FDS35,1068.162
DRK39,1308.15
DRI39,887.63
FDV04,2556.946
NCN14,2852.521
FDH08,3939.235
FDS20,3251.888
FDV40,1208.476
FDZ48,205.743
FDS24,2478.796
FDK44,2978.045
FDS48,2560.871
FDK26,649.293
FDD23,3069.156
NCH54,2688.41
NCP14,279.71
FDM60,117.851
FDV24,2250.875
FDH08,2972.03
FDS12,3393.849
FDR39,5034.228
FDP12,1040.484
DRF60,5679.249
FDC09,1872.47
FDF50,3055.882
FDG28,4063.356
NCE19,866.124
NCM53,222.975
NCN18,1897.456
FDF32,3441.977
FDF11,4375.037
DRI59,4027.9
NCG54,2807.932
FDM44,1734.95
FDT57,3228.778
FDV24,2203.974
FDI50,749.323
FDS09,797.018
NCC31,3612.345
FDQ07,619.934
FDC22,3194.986
FDZ56,2728.488
FDZ40,169.296
FDS46,2958.193
DRD24,2027.012
FDV45,3247.151
FDL26,2225.775
FDA56,1894.823
FDN27,1771.382
FDM20,4199.36
FDO16,1594.101
FDL03,3407.508
FDE58,1895.75
FDI02,3281.29
NCC55,86.055
FDR03,3148.424
FDB14,1362.31
FDR45,4264.143
NCN07,2093.687
FDM51,205.364
FDT52,6067.008
FDL26,2524.766
NCZ42,3870.238
DRI47,473.565
FDW40,2196.674
FDN34,2906.166
FDS01,3134.556
NCG55,1932.712
FDC11,1336.306
FDX35,3448.893
NCB06,2635.634
FDR09,534.378
FDC53,1616.147
FDY45,4469.658
FDA22,320.31
FDE02,1508.913
FDW21,1602.053
FDV34,1127.767
FDS59,1717.186
NCW17,2129.77
NCK54,1997.898
FDG17,426.259
FDG35,3122.255
FDD08,77.331
NCO07,3981.72
FDJ10,335.6
FDW36,1653.696
FDW21,262.428
FDY19,1948.964
DRE03,707.199
NCC55,612.806
FDH52,166.557
FDO09,3893.198
FDU43,3748.368
FDX09,413.59
FDH40,200.312
FDW58,1759.204
FDC47,3956.003
NCR41,1580.255
DRG49,4259.007
FDC52,3779.35
FDY13,1140.796
FDY35,609.751
FDI35,3253.283
NCU18,2068.958
FDY33,2492.289
FDC15,3898.818
FDU01,2936.66
NCU42,2842.914
NCV29,2426.419
NCY30,3084.746
FDQ46,1787.393
FDG58,4058.669
FDK33,3912.994
NCD07,1869.468
NCX29,3745.435
NCT42,2240.536
DRN59,732.132
FDI44,1262.64
FDA45,2352.436
FDP31,813.443
FDY01,1911.712
FDT09,1887.574
DRH03,2555.569
FDA36,2170.888
NCF31,2413.521
FDG14,2543.758
FDG28,6275.791
FDU14,4327.562
FDY47,298.533
FDI56,1555.459
DRD01,745.695
FDM22,898.779
FDH33,684.356
DRZ24,1968.917
NCQ38,1608.562
FDO16,1898.93
FDU07,3742.087
NCB07,2888.412
FDU48,1838.012
NCM43,2531.767
FDR31,404.124
DRK49,461.337
NCI30,624.988
DRD60,3113.824
NCG19,3880.01
FDH12,1725.204
FDM32,1469.249
FDM27,2585.8
NCU53,3808.222
NCQ18,1574.026
FDS10,2872.168
FDB33,4486.308
FDI12,1341.177
NCW42,3750.826
NCC06,1699.52
FDW02,2457.811
NCD43,1735.443
FDM57,976.081
FDA58,3807.366
FDK56,3020.574
FDP52,3916.238
FDW20,1785.846
FDS52,1553.857
NCT29,1635.633
NCL54,2908.175
FDC05,3035.98
FDF34,2836.222
FDP03,3142.527
FDD32,170.271
FDZ10,1984.294
FDZ40,963.253
FDD51,467.542
NCY30,445.933
FDP58,3433.258
FDV49,4234.798
FDY24,203.026
NCO55,1694.29
FDR13,1913.076
FDS51,1049.324
FDP26,1668.447
NCB54,3340.722
FDF32,3305.0
FDN31,2759.85
DRM48,669.449
FDN20,2735.079
DRL01,3940.837
FDV56,1664.954
DRH13,2569.518
FDA03,2499.491
FDF47,7056.148
FDX32,2551.11
FDX57,1584.878
NCA30,3051.536
FDO49,774.733
FDL04,192.218
DRM48,655.474
FDR16,3418.099
NCC19,2924.252
NCE42,3394.982
FDY24,934.011
FDH19,2726.334
FDJ46,2769.855
FDN45,558.023
FDY08,2168.758
FDZ37,1462.911
NCT30,722.849
DRY23,534.731
NCZ30,1863.484
FDC44,1736.229
FDB45,1712.228
FDY04,2358.614
FDM27,2717.183
FDZ43,3842.662
FDT39,363.612
NCC06,255.258
FDL15,4152.177
FDL57,4893.646
FDU08,1610.659
FDK40,4567.14
FDQ12,617.607
FDS48,2601.303
FDP09,3524.552
FDW21,1476.067
FDY25,2952.207
DRE13,1420.972
FDV43,88.461
FDD22,1702.754
FDM46,275.19
NCO30,610.592
FDM25,2963.698
NCN41,2019.369
FDU24,1562.704
FDZ50,3233.472
FDP45,3859.811
NCM54,2020.381
FDW10,475.504
FDP20,2060.223
FDK32,2559.882
FDN52,1385.686
FDM58,1844.502
FDZ46,3088.4
NCA18,1588.928
FDD35,2058.416
NCK31,816.439
FDI40,2675.448
FDT50,243.436
NCT06,2782.273
FDT31,3114.313
FDT45,902.447
FDT13,3164.218
FDO50,1497.111
NCU18,305.17
NCR54,3586.336
NCO18,2451.514
FDU09,866.003
FDT13,2899.295
FDE09,1775.642
NCK53,204.767
FDG45,3709.878
DRH15,715.104
FDO21,508.173
FDD14,5798.704
FDC09,1614.011
FDH45,1007.411
FDV32,1080.596
FDG12,2022.196
FDS32,2075.152
NCL55,3344.645
DRE01,4041.239
DRE15,1222.31
NCL42,4085.09
FDP31,812.174
FDN33,1430.739
FDZ59,2835.146
FDE45,415.176
FDJ07,1854.712
FDQ45,2739.721
FDM33,5489.314
FDO15,196.701
FDM46,1787.685
FDR03,3388.732
FDY49,2417.203
FDQ60,1801.511
FDW10,2585.905
FDO51,704.459
FDJ40,1508.948
FDS20,2968.15
FDU45,1886.472
FDV02,2933.956
FDN09,3994.414
NCM55,5143.668
FDN23,2143.606
FDY31,406.162
FDW03,273.316
FDD14,3207.828
FDV23,2035.729
DRI03,2669.551
FDN13,1402.043
FDF45,1840.145
FDU46,1505.736
FDB57,3702.835
FDV12,1492.132
FDQ58,2386.791
NCA18,1853.172
FDH52,1004.787
FDM24,2047.171
NCP43,4773.332
NCO18,436.084
FDM32,1432.797
NCL07,762.977
FDK03,4176.106
FDP59,1433.638
FDQ24,4233.812
FDQ16,1514.338
FDU44,2395.762
FDH28,72.2
FDV28,78.667
FDM22,838.326
FDR56,3152.751
FDV39,3128.226
FDU37,222.698
FDQ11,787.326
FDX02,3772.312
NCS42,1287.804
FDY57,2718.936
FDB21,4116.561
FDE28,3884.402
FDQ55,2084.772
FDA48,3819.104
FDZ19,2673.634
NCC43,3743.656
NCV18,1429.791
NCA42,2374.146
FDY45,3733.081
NCC30,2900.516
FDM57,1173.232
FDL09,371.186
FDB09,3006.123
FDT44,1963.958
NCT06,4481.182
FDX26,3445.228
FDK32,2608.232
DRA12,2143.164
FDO46,489.517
FDE52,1320.701
NCH42,3842.624
FDV08,686.655
FDB47,3197.995
FDC28,266.402
FDD22,1812.614
FDS07,3220.489
DRI13,3572.434
FDG32,3389.61
FDU14,4007.987
FDD28,186.255
NCP41,1834.643
FDS08,2457.953
FDX47,2394.613
FDC53,207.102
FDQ19,4298.716
FDL14,2197.414
FDM33,721.148
FDA51,1905.248
FDZ27,552.48
FDT04,621.905
DRC13,2060.743
FDR16,5343.689
FDQ03,5725.776
FDE38,2717.722
DRH23,1703.515
FDT11,612.101
FDD09,3560.86
FDR40,1366.977
FDX07,3324.02
FDR07,1536.82
FDA51,1950.822
FDT59,764.607
FDF20,3227.317
FDR13,1779.812
FDY26,3738.981
FDW04,2159.18
FDK52,3976.708
FDN60,2774.652
FDM09,495.459
FDP46,1391.722
FDB50,225.833
NCQ29,3877.9
FDP16,6134.204
FDX33,2447.0
FDP07,688.689
FDN22,3820.224
FDF39,4279.517
FDS21,943.054
NCM42,1625.113
FDK50,361.469
DRF13,4045.784
FDH35,2289.86
FDP60,1281.252
DRJ49,3468.54
NCT42,358.357
FDE38,2774.614
FDI04,3384.643
NCH54,2655.974
FDT56,911.997
DRD15,3070.508
FDV58,2454.113
FDP21,3317.87
FDH05,3739.028
FDR10,4242.759
NCP06,2119.393
FDF33,1694.212
DRK37,2859.056
DRH49,1336.402
FDT58,2567.332
FDD41,1496.23
FDP40,1544.546
FDM51,2664.136
FDO45,174.133
FDW33,256.589
FDY24,1104.271
FDB10,459.213
FDM40,2174.702
NCI06,3035.194
FDW12,406.401
FDX48,4120.451
NCW05,2583.248
FDX27,1512.88
DRM37,2986.979
FDA38,3465.974
FDR36,690.258
FDZ45,3162.63
FDG05,2568.297
FDK28,4537.35
FDV47,1292.165
FDN21,2480.944
FDP20,3170.252
FDI35,3034.736
DRY23,609.356
FDA56,2200.557
FDB09,1723.335
NCO26,2850.298
FDQ49,2283.71
FDI52,3353.007
FDZ44,2956.071
FDZ09,2400.269
FDY03,1856.212
NCG42,2133.72
DRI13,5633.432
FDQ32,1951.37
FDW16,1634.272
FDU27,701.099
FDR28,445.607
FDQ49,408.147
FDS37,1967.433
FDW26,2980.241
FDX12,3433.824
NCP06,2236.844
FDW45,345.887
NCN30,1549.058
FDN24,936.773
NCL41,965.804
FDR02,250.781
FDD09,531.58
FDS33,363.891
FDU22,1969.089
FDI53,2575.717
DRH01,3051.837
FDX32,2284.412
NCP30,520.509
FDB60,2917.602
FDB14,1530.662
NCP02,958.387
FDJ10,2173.365
FDG34,1784.431
NCB18,1376.275
FDM16,1124.321
FDW25,1177.207
FDB35,213.086
DRN11,2098.58
FDF41,620.11
FDH16,1311.656
NCQ50,3125.523
DRH23,759.478
DRJ37,2391.664
DRJ24,5033.591
FDY16,3291.482
FDQ27,2060.317
FDZ33,2350.378
FDF29,2123.288
FDA08,2696.736
FDG31,1045.935
FDE34,615.789
NCR30,1896.759
FDV33,3867.121
DRZ24,1757.69
NCL54,2903.232
FDR12,2886.015
NCC54,3634.407
DRN59,778.368
FDX50,249.53
FDV31,5127.632
NCA29,4875.541
FDW60,3076.922
FDX08,3357.876
DRD49,3790.605
FDD33,3667.789
FDW35,596.476
FDJ36,1702.669
FDV51,3183.854
FDW36,1613.731
FDH35,2592.693
NCS30,3190.526
FDN49,616.916
FDL08,3318.376
FDI09,3953.84
FDP19,1936.427
FDU21,0.0
NCP41,1488.778
FDY10,1732.455
FDP12,451.019
NCN26,2031.3
FDK44,2926.742
FDC28,1674.389
FDJ41,6834.966
NCT29,2080.496
NCH42,382.941
FDU60,2527.582
FDS02,3146.069
FDC51,2091.961
FDU03,3026.811
FDX39,3681.036
NCY05,76.177
NCL06,5923.504
FDD32,1489.472
NCN41,1881.552
NCX53,2359.01
FDU57,399.552
FDQ23,1718.571
FDQ52,4265.836
FDC14,589.07
FDY09,3282.434
FDQ28,2462.151
FDV25,4085.964
FDJ07,1935.498
DRB25,1562.355
FDK52,548.942
FDY52,1453.178
FDB28,3064.447
FDT36,656.686
FDV25,4002.688
NCN07,3369.518
FDC57,3007.49
FDQ03,3036.048
FDU23,2627.225
NCX41,3881.709
NCD06,747.266
FDW08,1616.058
NCU29,2456.518
NCE06,2458.62
FDV52,253.688
FDB02,3047.79
NCR18,639.308
FDK16,1552.558
NCQ29,555.05
FDZ01,218.191
FDW27,2511.1
FDD17,3275.924
FDW39,2786.724
DRH59,1056.636
FDS52,1834.542
FDU40,6473.202
NCF54,2779.148
FDH46,1588.466
NCP14,1822.414
FDH50,3274.246
DRF15,266.966
FDV27,2394.86
NCJ06,1957.772
FDN02,3139.664
FDQ51,784.028
FDQ07,3863.587
FDS45,1963.225
NCJ06,1903.456
FDD36,2153.66
FDY25,3397.126
FDU52,2417.912
DRK47,4150.942
NCL30,2154.285
FDN22,4055.576
NCF30,3381.626
FDK03,4493.822
FDT45,799.924
NCC54,6120.795
FDP08,2992.47
FDU44,2525.121
DRG39,956.063
FDU32,2147.061
FDY27,2923.741
NCP54,2174.663
NCZ41,2049.514
DRL49,2201.242
FDI05,1189.674
FDY56,3829.383
DRC13,2006.569
NCV29,3138.008
FDR24,1446.823
FDZ34,2883.579
FDP37,2058.016
FDX08,5162.636
FDS57,2133.477
NCG18,1716.558
FDK25,2514.335
FDH53,1246.333
DRI59,3393.273
FDA52,2865.032
FDT20,79.664
FDE36,486.971
FDI24,3063.229
FDB28,2924.717
FDV11,2861.399
FDP01,2252.546
FDD34,4149.091
FDJ50,1321.228
FDZ44,1855.299
DRO59,1252.652
DRB48,685.743
FDR21,2422.875
NCE42,662.643
FDO23,1526.345
NCE30,3170.891
FDQ22,706.134
FDY01,1849.584
FDS08,2541.07
FDG28,3249.668
FDQ51,577.31
FDB05,4279.502
FDO56,1855.83
FDE02,1400.028
FDN45,3820.221
FDS09,705.214
NCA54,2708.703
FDP09,455.153
FDC53,1363.154
NCM55,3182.02
FDL09,2329.247
FDA11,228.107
FDA50,1364.838
FDC23,3355.942
FDE22,2562.194
FDD23,3112.621
NCA29,3123.171
FDK38,2371.578
DRC13,1988.752
NCP43,2940.208
FDX28,1577.57
FDF08,1371.539
FDZ33,2336.709
FDD10,2745.9
FDO58,2613.089
FDI50,4084.256
FDO58,2536.184
FDX08,3114.611
NCK17,31.416
FDF39,5002.556
FDU45,268.051
NCJ18,1592.1
DRC27,522.511
DRC25,1502.161
FDU59,2366.205
FDU28,3221.328
NCP30,700.749
FDB39,657.031
FDE41,1287.477
DRH11,213.211
FDA58,3576.73
FDU50,1810.301
FDM34,2005.01
FDM44,2723.905
FDR39,2855.58
FDM25,2849.736
FDQ49,2480.429
DRH25,610.524
FDM09,4462.596
FDL44,405.788
NCR42,410.844
DRL59,820.609
FDX43,2410.839
DRK47,552.128
FDU48,1595.878
FDY12,724.264
NCN43,1924.172
NCM55,2814.549
FDQ21,3064.798
FDX13,4219.53
NCK30,5965.914
FDG20,2916.966
DRG27,709.17
FDY14,3407.263
FDP59,1564.272
FDU60,2833.248
NCC18,481.393
DRJ39,3752.653
FDS07,1921.11
FDM08,5739.438
FDP51,2050.122
FDU16,1289.816
FDH12,1735.348
DRE48,462.183
NCL42,6263.242
FDR21,2562.048
NCW29,2329.229
FDO11,3880.393
NCM31,2101.294
FDV35,319.705
FDF58,1024.302
NCE43,2938.955
FDA02,2709.952
DRL37,165.281
FDR24,1093.99
FDW59,1395.807
FDS22,759.664
FDW24,751.575
FDU24,1668.015
FDA21,5200.694
FDH58,3153.452
FDW36,1382.606
FDI45,4699.21
FDU01,2702.742
FDF35,2749.98
FDU43,332.881
FDE24,388.308
FDK50,2660.447
FDG31,1003.318
FDC60,1471.346
FDL36,1432.903
FDP21,3271.762
FDW16,1310.122
FDX02,3882.282
FDQ58,3841.87
FDT51,1723.042
FDD59,1221.3
NCM42,1470.116
FDA57,476.903
FDZ48,1739.904
FDE46,2319.169
NCZ30,337.648
FDB56,3269.86
FDA25,2737.605
FDD20,2165.018
FDL25,1526.503
NCO18,3082.985
FDJ45,617.136
FDR12,3256.19
NCF19,94.962
FDK25,2728.799
NCR17,1889.955
FDC52,2500.198
NCA54,3084.622
FDR45,609.345
NCM19,1985.27
FDF39,6570.657
FDX23,1499.73
FDD58,2710.606
FDX28,1731.334
NCD31,2616.48
FDU57,2162.092
FDI27,783.357
NCM42,1706.158
FDD32,2162.96
FDI34,3812.889
NCM29,2196.636
FDG46,1447.758
DRC01,154.38
FDB15,6392.847
NCA17,4000.262
FDF10,2476.418
FDR26,4383.866
FDI02,1846.357
NCM54,264.82
FDF14,2408.471
FDJ33,280.541
FDM20,4212.202
FDC03,5475.94
NCX05,1989.486
NCM41,2620.462
NCU29,295.541
FDQ59,1331.96
FDH46,240.701
FDH09,788.542
NCD06,808.367
FDC15,2470.134
DRD37,1151.531
FDT28,3642.658
FDR28,4143.826
FDT38,1368.12
FDV34,2038.812
FDY52,991.99
FDB34,1328.616
DRL23,1319.055
DRB24,2468.906
FDJ50,873.349
FDQ49,2473.279
FDP20,2067.386
FDV19,4290.728
NCR54,2949.534
FDO09,639.48
FDS57,1914.408
FDN10,1878.18
FDV23,2055.677
FDY28,3831.196
DRG51,2605.28
FDD45,251.484
NCL18,4925.435
NCM29,2062.145
FDF17,4276.618
FDE22,2615.939
FDQ22,666.916
FDS01,3120.721
FDW35,1023.698
FDJ33,2101.199
NCF54,3174.294
FDE09,1737.012
NCE06,2264.565
DRH49,1166.426
FDY43,2653.024
NCT05,3964.974
FDZ34,2903.473
FDL38,1449.8
FDZ31,3289.373
FDR14,758.644
NCN54,1239.356
NCC42,3436.366
FDK08,1635.131
FDP59,1407.896
FDV22,2993.11
FDD33,3753.255
DRE60,6368.356
FDK52,3613.137
FDA02,2464.136
FDM56,1623.9
FDE57,2288.457
FDM32,1220.159
NCQ30,3153.728
FDQ27,2757.717
FDT60,3360.956
FDU43,3920.74
NCO55,1767.693
FDG02,2441.933
FDJ28,3293.745
FDP40,1714.055
FDJ38,3107.932
NCC54,3728.9
NCZ41,1983.019
FDK38,363.031
FDU52,2390.351
FDC40,1243.568
NCR30,1237.572
NCN18,1853.248
FDB50,1252.746
FDG04,2928.731
FDR26,2685.751
NCT17,2994.996
FDX35,5035.396
FDS12,2101.701
NCZ29,3373.854
FDB38,376.337
FDP12,588.728
FDP22,725.904
FDS26,4258.788
FDR52,3440.505
DRJ13,2593.219
FDU48,3190.684
FDE29,978.042
NCT29,2023.825
DRK37,3386.366
FDK55,1287.084
FDR07,1676.923
FDO21,5069.802
FDK46,4570.702
FDB12,1612.621
FDT31,4084.338
FDJ33,1931.231
FDC26,3061.252
NCQ02,2918.401
FDP08,497.481
FDB11,5851.152
FDV55,2464.751
FDW20,2026.909
NCJ18,295.786
FDC41,1036.953
FDE14,2742.978
FDG35,2493.848
FDF45,984.966
FDS19,2257.047
FDS58,432.93
FDA26,3974.223
FDM32,1296.195
FDL45,2067.186
FDZ55,2596.424
FDY37,2264.237
FDO46,2742.428
FDQ60,2060.457
FDA19,1816.501
FDL15,2425.084
FDM10,2853.931
NCL05,710.392
DRK49,79.03
NCE18,5924.236
FDG40,630.723
DRI59,3843.885
FDK28,4367.43
NCD06,128.576
FDO11,542.001
FDK27,1976.525
FDT43,1280.404
FDD38,1492.083
FDA16,3734.646
FDL14,3730.9
NCM17,680.327
FDD20,2105.579
FDA40,1385.241
FDL43,1190.913
FDV15,1740.957
FDE52,1384.195
NCL17,406.295
NCJ31,3689.024
FDR60,1270.051
NCA18,1870.366
FDS21,1908.595
FDW09,1390.588
FDL26,2654.368
FDS47,1186.432
FDC39,3533.78
FDT51,1873.0
FDK40,4769.588
NCG19,3731.092
FDZ07,867.779
FDF08,2439.545
FDO04,800.574
FDK41,1128.258
FDP15,4286.449
NCD43,1407.06
NCP18,2453.682
FDZ51,1512.925
DRH13,1757.629
FDF38,576.196
NCI43,785.973
FDM38,1773.319
FDS03,1112.967
DRJ47,2718.73
FDT50,242.932
FDV02,3007.073
NCG18,1766.888
FDW52,2770.468
FDS40,697.996
FDN31,3118.624
FDA37,1894.552
FDA15,4124.252
FDL39,2929.753
FDJ53,1844.385
FDX22,4010.199
NCZ42,3998.958
FDD56,4722.252
FDD40,3392.866
FDS50,4011.084
NCN14,2964.387
FDT15,3108.092
NCS18,2784.328
NCO26,269.703
FDF58,802.222
NCB19,1360.95
FDH26,2163.653
DRB24,4009.636
FDA49,1084.924
FDB32,1287.048
FDI36,3319.497
NCA17,351.821
FDH22,2020.658
NCM26,2320.007
FDT15,5146.822
FDB16,1255.455
NCP54,3524.291
FDJ36,1698.102
FDO28,1754.79
FDU09,823.362
FDF29,2167.252
FDY08,2230.548
DRJ59,294.296
FDT23,2138.404
FDU15,365.469
FDT47,1825.367
FDI53,481.778
FDR59,3769.437
FDD53,669.751
FDY51,3498.981
FDT04,593.15
FDU51,2891.048
FDG14,2509.26
NCU06,3916.293
DRG25,3269.893
DRH49,1296.942
FDN15,2303.193
FDL43,1009.719
NCT18,3390.639
NCB31,3299.532
FDK57,1891.405
FDY04,439.039
NCP54,2160.291
FDF41,3842.379
FDM01,1655.155
FDW03,1573.547
FDF28,1947.264
FDY37,2287.763
FDQ03,3676.542
FDP51,3065.985
FDJ40,1911.861
FDC32,1515.081
DRI49,2422.644
NCW54,933.83
FDF09,644.868
FDP45,3386.669
DRJ23,2858.846
FDS59,1778.05
FDY08,2113.267
FDX16,2469.479
FDY16,2961.564
FDK32,2725.97
FDQ22,664.087
NCC31,2223.869
FDG58,2363.206
DRF48,2996.869
DRH36,1231.412
NCR30,1161.386
FDB03,645.029
FDZ28,3079.974
FDR35,3277.947
DRD15,6077.195
FDJ33,291.916
FDA56,331.183
FDP56,821.328
NCT30,838.703
FDK15,1601.764
FDH44,2193.848
FDV01,2407.349
DRG03,2581.601
FDG50,2445.712
FDR16,564.789
FDZ60,1492.496
DRG03,2441.99
FDS56,3833.23
FDU33,791.961
DRD27,1697.456
FDW22,3767.958
DRA24,2463.137
FDF38,612.919
FDX48,2657.066
FDS58,2492.496
FDC32,1537.488
NCQ29,3141.078
DRK39,1213.389
NCS38,2021.207
DRO47,1685.411
DRG27,1126.266
FDC57,5864.822
FDS55,2411.017
NCJ06,1666.782
FDO01,249.237
NCM55,2957.787
FDC52,2567.08
FDQ15,1205.185
NCT30,1415.878
NCR42,897.047
FDD28,903.432
FDQ34,1734.366
FDZ12,3592.299
DRE13,285.576
NCN07,249.305
FDM28,3051.422
FDI10,2971.119
FDQ25,2581.305
FDA38,532.204
DRI13,3689.707
FDY20,2396.762
NCZ53,3325.733
NCM31,2454.104
DRB01,3147.098
DRF37,4027.656
NCF42,3123.326
FDF16,1995.169
FDB41,715.638
FDR34,3934.768
FDR15,2068.354
NCV42,277.113
FDW51,3725.314
FDU36,1677.536
FDX60,1334.802
FDY03,1934.914
FDW55,3985.952
FDT01,571.122
FDG58,2495.578
FDK21,4703.332
NCS41,395.497
FDS10,2865.374
NCT53,2584.659
FDJ28,2885.706
FDX44,1181.852
FDT20,436.663
FDO44,1802.278
NCX17,3270.067
FDY01,1894.519
FDJ12,5817.568
DRK35,383.741
FDD47,392.41
NCM53,1691.778
FDO45,1325.079
NCM42,292.682
FDE04,2912.684
NCI30,6334.874
FDZ19,2771.611
FDW57,2841.656
FDA25,1710.639
FDT22,1017.356
FDP51,1846.852
FDD48,3077.795
FDY39,3704.008
FDO48,742.378
FDD23,5271.167
DRN35,946.061
FDT01,3242.755
FDC20,157.06
DRJ35,926.352
FDB32,1656.27
FDL24,3155.194
NCV42,1912.88
FDZ46,1648.602
FDC15,2464.329
FDD08,86.942
FDY50,1410.714
FDD36,1964.11
FDG57,1299.394
FDL21,443.578
FDN16,2585.503
FDJ09,1119.869
FDS01,611.57
FDV33,4027.684
DRE12,1687.371
FDR07,1662.099
FDP48,582.133
NCB55,813.617
FDQ08,846.578
FDR34,4057.234
FDO33,1805.103
FDP13,710.932
FDX12,4191.438
NCT06,3020.261
FDR16,735.302
FDE36,3465.676
FDZ36,3195.56
FDV13,1379.042
NCZ17,689.556
FDU56,3186.718
FDM09,2852.677
FDV02,3091.01
FDS34,1543.91
FDA11,1576.107
FDP09,3936.4
FDB29,3217.375
FDT19,2912.261
DRH15,746.574
FDY38,3657.281
FDF14,3859.831
FDN48,239.727
FDQ12,3886.854
NCJ43,2712.699
FDE17,399.976
FDB05,4172.855
FDH10,1951.345
NCR06,786.338
FDU32,1882.854
FDD56,2926.879
FDO36,2724.46
FDH16,223.194
FDX10,484.23
FDZ37,1400.49
FDU31,735.243
DRC49,2199.912
FDL15,2305.184
FDN32,712.77
DRH59,2073.481
NCU29,2535.935
FDR37,707.749
FDS14,2362.438
FDU02,6379.348
FDJ08,3098.366
NCZ06,3717.495
FDO31,1225.604
FDH31,1334.374
FDS58,2828.364
NCA53,1412.598
FDF50,2751.618
NCW42,3662.209
NCQ17,2424.238
FDK51,4086.164
NCW41,451.49
NCR29,885.736
FDB08,338.194
FDA40,2522.869
FDL14,2122.755
FDB47,3524.886
FDO03,4275.598
DRK13,369.353
FDX13,557.193
FDF52,3163.681
FDT11,3193.46
FDB08,2502.988
FDQ28,2415.992
FDD29,4356.656
NCQ29,6328.302
NCO02,967.022
FDR56,527.141
NCM54,2134.189
FDP51,1920.148
FDT38,1338.817
FDZ20,3641.462
FDJ53,1958.036
FDX13,4223.064
FDP58,3869.059
NCK31,110.001
FDA35,1844.462
FDV37,2849.083
NCO07,4953.636
FDA20,2986.644
FDZ59,2779.459
NCY17,690.784
FDQ28,2663.288
FDV35,2466.212
FDQ36,649.983
FDD34,2406.033
FDK51,4086.376
FDV31,2851.538
FDR04,1654.938
FDR14,812.362
DRC36,412.953
FDE39,247.419
FDP57,1702.205
FDE57,2115.389
NCN18,1845.797
NCQ05,2188.214
FDW47,2076.714
FDV46,2319.011
NCP29,1013.663
FDE09,1540.212
NCU06,6112.064
FDT19,521.577
DRF15,2383.961
DRI51,2865.093
NCX54,1631.814
DRE01,3961.329
NCB07,2816.596
FDU50,1904.751
FDG40,724.029
FDW10,2526.966
FDX51,3137.159
NCP17,1024.076
FDP21,3397.766
FDL04,1648.044
FDV23,1964.977
FDF24,1216.062
FDH56,2792.351
FDB51,953.004
FDI58,2573.806
FDR20,696.77
FDC51,1839.633
FDB16,2488.417
FDE40,940.04
NCM17,763.382
FDU56,3576.377
FDS32,294.018
FDX02,3890.784
FDT39,3497.576
FDE35,919.121
NCI42,546.688
DRL23,1534.063
FDA10,1907.645
FDA11,1519.58
NCM06,2389.391
NCT05,3918.323
NCQ02,437.185
NCY06,2201.236
FDY56,3819.93
FDL02,1646.771
NCI06,2921.151
FDQ14,2190.399
FDQ12,4033.673
FDP36,852.526
FDK21,6070.282
FDO40,2419.365
NCK54,406.973
FDY09,2724.82
NCW30,4172.692
NCC55,1039.066
FDE58,1590.604
FDR39,3193.018
FDU28,2998.123
FDH08,3778.942
FDG35,2375.58
FDG22,630.116
FDC34,2684.034
FDP15,3604.342
FDK34,442.18
FDU45,1913.282
FDQ04,1015.209
FDX22,3124.756
FDB45,1607.54
NCH43,4333.166
DRE60,3416.116
FDD17,6314.636
NCM54,2211.797
NCH55,2030.302
NCT06,2895.074
FDA48,5756.303
FDY58,5934.008
FDO25,3513.828
FDN50,1524.994
FDH35,2684.418
FDK09,3873.615
FDO16,1267.286
FDW11,993.133
FDU47,3674.2
NCQ42,242.755
FDK55,2446.65
FDN08,1890.885
FDT57,3814.328
FDJ12,3174.402
DRL59,867.983
NCN53,654.048
FDO51,93.818
FDK56,3214.731
FDY12,936.361
FDU15,654.905
FDQ19,3907.944
DRF15,2343.41
DRE25,217.951
FDK57,1653.614
FDD33,718.671
FDR34,6415.174
FDU04,2002.166
FDE35,158.898
NCD31,2930.508
FDJ56,1589.851
NCU53,2516.102
FDD39,3550.655
NCU17,301.757
FDJ20,2061.862
NCW41,2231.993
FDL52,737.364
FDS39,2390.78
DRJ47,2529.588
FDP13,120.574
DRK39,244.057
FDF28,271.55
FDB09,1811.849
FDM51,1561.276
DRM49,575.918
DRF23,2854.603
DRH01,2873.178
FDH12,2687.39
FDA28,293.487
FDW37,1200.933
FDF02,1659.523
DRL37,632.07
NCF43,2161.042
FDH08,636.493
FDR34,791.36
NCK19,3706.332
NCD55,399.887
FDT27,3696.808
FDQ57,2303.743
FDA47,2694.59
DRG15,1772.617
FDE05,2141.434
FDN46,1660.818
FDX27,2652.312
FDT51,1547.558
FDU33,801.435
FDJ16,1840.371
FDD20,374.675
FDT36,627.296
DRF15,3513.779
FDN52,199.162
FDC22,5611.73
FDX15,2680.7
FDT13,3334.19
FDU04,2231.326
FDU31,621.52
FDW59,2433.15
NCO29,2480.455
FDL15,2765.778
FDI41,2605.709
FDQ48,1646.573
DRI39,901.782
FDI08,4098.894
FDC21,1520.278
FDF58,1075.118
FDS08,340.639
FDE47,2006.521
NCP18,366.908
NCR41,1509.386
FDA27,3970.13
FDA43,3101.845
FDA49,1236.076
NCE55,2733.083
DRM49,1296.903
FDF22,5650.564
FDQ15,1114.762
NCS54,3337.534
NCY05,513.796
FDR45,3921.287
FDK57,2037.973
FDF41,634.367
FDV21,2051.156
FDD51,702.436
FDF33,1874.781
FDA38,4115.118
FDR56,3065.162
NCN41,2082.326
FDC60,2937.902
FDB47,3444.743
DRH01,2819.155
FDW08,1625.965
FDF38,1026.227
FDY32,2610.709
FDG34,1736.42
FDG47,606.141
NCF18,3387.058
FDL39,519.878
NCH55,2052.014
DRJ35,973.037
FDS44,4254.812
DRE01,3563.663
FDY39,3949.176
FDY32,2325.365
FDR33,3153.787
NCP50,1275.036
FDZ47,1434.774
FDU57,2464.186
FDY44,3236.072
DRH59,892.291
FDB03,6282.074
FDY46,2921.794
FDM39,2616.492
FDY36,1406.796
NCM55,3449.641
FDJ50,136.536
DRL60,2434.564
NCJ54,3925.7
FDX59,575.643
FDI07,3266.466
DRF51,111.949
FDM14,1852.702
FDP21,2928.562
FDE40,1101.235
FDE05,2603.71
FDM13,3240.099
FDC34,4099.53
NCI55,1880.678
NCE43,2374.516
FDW58,1516.894
FDG60,3443.279
FDV31,2796.783
FDR47,3086.472
FDM60,101.413
NCF06,3045.54
NCN26,3139.436
FDQ59,1355.752
FDF09,640.757
NCS06,3734.565
FDT44,1928.67
FDI19,3613.907
FDT22,1041.78
NCF54,4502.243
DRG25,3184.857
FDB59,3056.713
FDQ37,3113.721
FDP56,872.663
FDW44,2874.098
FDJ26,555.915
FDU43,2976.902
FDW33,1578.237
NCX53,3596.536
FDN56,494.142
DRF15,2425.298
FDO33,1985.934
FDZ39,225.517
NCJ19,744.09
FDU01,2890.82
FDT12,4162.305
NCM18,710.573
FDP19,2197.417
NCR42,626.51
FDN10,1875.308
FDG44,960.876
FDQ10,2870.365
DRH13,1681.888
FDT52,3785.283
FDM56,1692.418
NCO43,305.278
NCV29,3242.048
NCF06,4086.492
FDO50,1500.583
FDT59,4310.93
FDX40,960.809
FDE50,3349.449
FDX51,3198.604
NCD30,1257.711
FDK15,1838.232
FDL12,942.59
FDK46,4778.156
DRH49,190.517
FDQ57,2471.79
FDY59,1480.073
FDO09,3412.797
NCG30,2023.104
FDM09,2631.888
NCN17,2621.442
NCS42,1287.122
FDD02,281.601
FDE34,3186.172
FDU38,3036.997
FDB33,3104.524
NCJ29,1455.316
FDZ27,727.471
FDI40,1507.276
FDG22,561.392
FDT51,1784.948
FDF20,2776.201
FDV50,2061.169
FDT02,622.823
DRC49,2439.558
FDF26,2550.436
FDV52,1882.215
FDX59,575.988
FDV25,4103.226
FDW23,1026.578
FDE53,1264.258
FDA19,2027.1
FDH22,1998.984
NCO41,1570.468
FDX12,4077.184
FDF17,2532.251
FDS11,3754.757
FDR51,2550.975
FDT49,255.831
FDC56,2031.956
FDR13,3082.261
FDQ60,2021.329
FDN38,4251.512
NCL29,2507.451
FDO13,3986.977
FDE26,2178.324
FDA31,447.243
FDX14,1283.129
FDA34,2955.924
FDF26,2448.294
FDE38,2548.592
DRI11,1800.139
FDQ60,3020.011
FDL21,993.408
DRC12,5491.98
FDC47,3558.849
FDE57,2068.094
FDT14,1976.601
NCZ53,2933.562
FDE28,3568.765
FDR19,2546.662
NCF54,482.0
FDZ08,1206.794
NCJ05,2222.862
FDF59,1990.876
NCO05,1709.131
FDW24,555.942
NCX42,2331.547
NCA53,847.456
FDI45,410.546
FDG46,1859.047
FDM20,431.678
FDW11,191.338
FDX08,3548.66
NCK17,698.52
FDK32,2299.412
NCA42,2822.147
DRI01,2512.552
NCL55,4259.318
DRE25,1288.384
FDD14,2973.092
FDB10,3647.839
DRN11,2388.565
FDP38,498.606
NCA30,2954.136
FDT15,3156.572
NCP55,634.636
FDF12,2379.36
FDM21,3831.6
FDX56,3879.649
FDF10,2577.138
FDT32,2832.15
FDM51,1419.906
NCR50,2458.07
FDI19,3721.226
FDX21,1678.51
FDR31,2629.79
FDY02,4351.919
NCA29,3124.131
NCX17,3392.086
FDM12,2984.638
FDI53,4100.926
NCU30,2875.663
FDC56,3008.79
FDK27,1821.422
NCK18,2798.674
FDB52,580.455
DRG25,5492.847
FDZ13,850.818
FDB57,754.821
FDR40,1414.685
NCO14,60.825
NCN19,2799.836
FDQ28,389.108
FDO13,2327.087
FDK48,1206.089
FDU07,2100.498
FDW20,2129.816
FDV12,250.569
FDH24,2487.24
FDV59,3784.203
FDK57,1962.848
FDL16,1265.531
NCQ17,2391.465
FDJ15,2935.098
FDX24,1512.99
FDT47,1983.037
FDT10,985.114
FDZ37,1116.104
FDW43,6607.867
DRN36,1583.621
FDJ14,1201.728
FDA32,3519.325
FDJ38,449.972
FDQ57,2452.729
NCQ41,677.003
FDG56,981.682
DRC13,3396.742
FDV55,2512.825
FDQ49,2714.234
FDE29,192.049
FDR03,3701.871
FDD45,1550.904
FDN38,580.758
FDT56,874.285
FDT48,3330.334
FDU03,2723.606
FDC56,261.189
NCO43,2506.14
FDQ27,2046.604
FDR03,3470.219
DRH23,162.148
FDG22,588.385
NCJ42,1577.284
FDR24,1432.423
FDW60,3020.817
FDJ08,3016.174
DRL59,622.255
FDG60,501.347
FDW27,2308.926
FDX14,1059.627
FDC20,808.384
NCS29,2877.657
FDJ56,1654.742
FDB20,228.654
FDL28,6280.868
FDW01,2182.602
FDL03,2991.228
FDX22,4253.624
FDJ21,2653.925
FDR31,2267.563
FDG21,2630.696
FDS22,1125.445
FDK08,1569.548
FDE17,2207.918
NCN30,1535.527
FDT50,1521.926
NCX42,2682.022
FDJ12,3750.156
NCA18,2830.498
FDP23,538.232
FDX12,4153.343
FDN40,1982.227
FDV48,1349.543
NCY54,2849.146
FDL16,129.239
FDR45,3494.292
FDJ52,2630.264
DRG01,1385.854
FDP52,4087.811
FDU58,3058.424
FDL02,1694.786
FDG28,4011.706
FDA19,2012.825
FDW46,1969.514
NCD43,1698.553
DRG39,837.13
NCF55,747.994
FDJ07,1953.333
FDE08,3044.476
FDP56,174.198
FDT45,661.814
FDF17,2933.021
FDX44,1239.789
FDM28,5201.823
FDI36,3261.585
FDS07,1830.059
FDD36,1823.481
FDW11,928.401
FDN40,2236.124
NCQ18,1583.759
NCQ54,2705.834
NCS42,1458.35
DRH39,166.712
FDC09,2574.784
FDT08,415.504
FDC08,3815.523
FDT20,632.224
FDS35,1021.046
FDX58,2972.622
FDW58,1811.531
DRD27,1550.314
FDH32,270.171
FDS26,4474.414
FDQ31,1480.633
FDP11,2844.14
FDD58,1631.161
FDM33,3412.89
FDZ16,3220.724
NCS29,681.434
NCM18,174.408
FDP11,3503.539
NCC42,2226.716
DRM23,2916.075
NCN55,6008.6
FDK46,4478.784
FDR01,3179.35
NCA05,2268.82
NCP43,2897.49
FDR12,370.912
FDQ01,3638.664
FDM13,2022.838
FDQ19,4100.97
FDK56,442.561
NCX06,576.069
FDO56,2890.474
FDU45,1727.404
FDI16,161.814
FDL32,1921.098
FDA07,2258.846
FDA14,2396.158
FDV46,3613.697
NCO07,3195.573
NCP41,1690.805
FDY60,1989.618
FDN38,4049.805
FDO15,1240.304
FDT60,2008.681
FDA55,4015.84
FDE02,239.869
DRJ39,3977.878
FDV34,1260.334
FDS20,5337.266
FDF02,2683.604
FDW40,2306.648
NCB43,3061.405
FDR58,1404.774
DRJ59,686.834
NCD30,1546.3
FDE14,1619.41
FDC28,1466.563
FDU16,1082.681
NCD19,798.071
FDU21,531.692
FDV59,5900.32
FDU03,3053.807
FDC33,769.782
NCR42,623.81
DRH59,1215.164
NCM31,2068.166
FDS50,4024.83
FDP39,811.011
FDQ55,2011.352
FDV36,234.318
FDI05,2346.137
FDS45,3149.299
FDA39,572.744
FDC37,209.569
FDJ60,3816.254
DRQ35,2053.495
NCJ06,1966.479
NCY42,2160.281
DRM37,3205.478
FDR14,723.003
FDE51,779.639
FDT33,2689.278
FDR08,1805.689
FDE36,478.564
FDL22,185.571
FDR44,2025.651
FDI56,248.46
FDE47,251.481
FDV27,291.493
FDV10,648.341
FDC40,1277.738
NCX41,3466.441
NCQ38,2551.734
FDV12,2559.855
FDE52,1452.846
FDG20,4571.654
FDV16,1075.439
FDI32,1975.49
FDJ32,951.015
FDN39,2406.168
FDY34,2904.082
FDC14,707.321
FDA55,3926.315
FDZ50,491.997
DRG13,2684.154
FDP01,2102.727
NCG54,3039.291
FDM13,1909.205
NCO18,5087.301
NCW41,2544.344
FDM52,4145.831
NCF55,759.56
FDT09,2111.806
NCM19,1819.192
FDW12,2202.266
FDP15,676.881
FDK36,655.904
FDZ25,3223.494
NCW06,3324.389
FDW60,2990.333
DRC49,2315.772
NCT17,3272.072
NCN06,2491.912
FDC45,2960.892
DRJ47,464.514
NCF06,3542.458
FDE21,337.422
DRG27,703.019
FDW40,2211.95
NCO53,3043.528
FDE23,710.338
FDQ16,1678.388
FDS26,3733.656
FDZ13,163.887
FDS14,2473.559
FDC10,1648.883
FDY16,3229.39
FDJ20,2061.314
FDV43,666.1
FDZ32,2677.589
FDR23,2891.55
FDN24,860.368
FDE34,5374.536
FDU31,3428.09
FDW33,1511.724
FDU26,1601.825
FDE20,4359.975
NCW05,1604.692
FDB22,2195.5
FDO56,1814.973
FDA19,3460.401
DRI39,915.849
FDH52,795.667
FDZ50,3281.681
NCN42,2806.627
FDB53,2579.005
DRG11,1627.33
DRK11,3650.624
FDQ60,2004.839
FDT36,657.495
DRG25,2994.826
DRJ23,3047.824
FDG05,2544.502
NCK06,1958.834
FDU52,2437.44
FDW07,1217.995
NCM17,645.723
FDA22,2482.538
NCA41,2927.367
FDF38,692.26
FDH52,864.007
FDY58,518.913
FDZ16,3164.11
NCM18,998.958
FDA22,2308.527
NCJ43,3034.994
FDI34,6493.274
FDG56,951.877
FDS34,1894.283
DRC01,912.022
FDQ04,659.23
FDK04,916.759
FDT51,1642.787
FDV26,3211.165
FDS04,2146.15
FDW43,3461.155
FDQ28,396.784
NCK06,2193.577
FDS23,1937.841
FDZ36,502.223
FDE56,851.889
FDW10,4374.068
NCN14,2834.792
NCQ18,1485.563
FDW08,1736.498
FDU43,3821.844
FDR33,309.041
FDM24,292.433
NCZ05,1642.898
NCV41,2001.49
FDV11,2576.008
NCY05,654.064
FDV44,2954.616
FDW32,1352.537
NCU18,3278.741
NCC43,3909.182
FDW19,1944.967
FDN31,3218.638
FDI48,685.687
FDS24,1309.534
FDF46,1929.369
DRG23,2316.116
FDG14,2205.832
NCY30,2955.648
FDO28,1724.514
DRD24,2486.11
FDI33,1430.096
FDN32,3198.579
FDR16,3574.99
FDF26,2462.43
NCN29,569.469
FDE20,2966.592
FDA46,3173.138
FDU28,2869.056
FDQ48,1482.526
FDV36,2106.176
FDR14,589.479
FDP23,3743.862
FDP56,757.031
FDK48,184.028
FDR48,2323.271
NCY29,886.327
FDM22,704.21
DRJ01,2345.384
FDZ43,3716.878
FDV03,2587.499
FDX11,5221.774
NCA41,5754.728
FDE38,2661.086
FDI27,593.582
FDN32,3425.461
NCN43,2328.32
FDB47,5498.483
FDV03,2549.621
NCN30,1399.811
NCV54,212.044
FDV07,1771.985
FDP07,3037.945
FDK48,972.161
FDM15,293.463
FDY19,2846.744
FDK46,4140.994
FDY11,1127.972
FDH09,803.601
FDO08,4239.262
FDU14,4372.29
FDD22,3089.375
FDM27,2828.136
FDL02,2662.86
NCA17,2608.786
FDE38,425.842
NCG07,3454.505
DRC27,3629.658
FDA27,4172.942
FDW40,2143.463
DRI11,1806.207
FDN50,1558.138
FDR12,2931.705
FDT34,2716.788
FDW11,1027.125
NCO30,4414.62
FDZ34,3220.725
FDU45,1881.136
NCD42,731.412
FDX25,2971.488
NCR29,833.144
FDX43,385.74
FDB04,174.018
FDR49,1470.753
FDS39,1866.806
FDW58,1470.642
FDG22,79.046
FDG31,1126.58
NCV53,6672.952
DRJ37,2492.371
FDV07,1913.612
FDW52,2608.971
FDT15,2889.904
FDD02,1736.844
FDM16,1184.604
NCE55,2772.74
FDB57,3325.296
FDQ04,631.37
FDQ47,75.933
FDY14,716.41
DRK37,3663.916
FDO25,3671.188
FDL57,4175.401
NCK29,1867.975
FDK46,6932.285
NCB43,537.07
DRE01,6270.162
FDC46,3144.386
FDQ23,1537.526
FDX38,748.091
FDG60,3348.239
FDW55,4129.446
FDP39,660.503
FDB20,1045.673
FDV21,2110.352
FDZ02,1438.898
FDP19,3495.141
FDA38,3781.465
FDH22,1930.45
DRM11,3880.338
FDO12,5750.078
FDT14,2006.71
FDW34,456.811
FDG04,4189.683
FDW59,1173.793
FDR33,1334.654
FDP32,1991.517
FDL13,5969.691
FDD22,1881.117
FDV40,2068.086
NCD55,591.579
FDQ20,93.204
FDD28,799.958
FDC39,3454.011
NCR17,2006.65
DRO35,1638.646
FDF40,4216.276
FDR31,2027.302
NCQ41,3429.768
FDP38,662.613
NCU54,5693.496
FDG22,394.97
DRK59,3638.377
FDC37,1731.824
NCO42,2303.489
NCT42,2306.01
FDX27,1537.77
FDV40,925.408
FDT45,1687.077
FDS47,213.218
FDR45,4408.071
FDB03,4005.717
FDO49,1031.803
FDU60,4403.92
FDB26,672.575
FDB46,3478.125
FDQ37,510.428
FDN03,4278.27
NCX30,4073.119
FDK32,361.046
DRM47,3099.168
NCO02,1144.697
FDP04,925.134
NCO43,1683.088
FDD59,1173.731
FDQ10,2961.636
FDW45,2569.432
NCK30,4349.227
FDU31,2959.073
NCQ17,367.748
FDN01,2856.496
FDZ19,2995.775
DRG37,2653.208
FDE32,472.158
FDO34,2845.154
FDM04,187.066
FDZ25,2993.626
FDU08,1605.45
NCW30,3602.863
NCM18,981.875
FDS22,857.111
NCH18,3813.217
FDC23,3066.182
FDY46,3055.26
NCU06,4107.535
FDX57,1311.448
FDX36,5727.898
FDL16,753.212
FDT16,606.753
FDN16,1458.98
FDC03,3109.055
DRF60,4189.456
FDS27,5080.994
FDP33,685.892
FDJ36,1484.504
NCR42,550.791
FDV14,1345.889
NCP42,2971.904
FDB50,2289.682
NCC30,4670.252
FDA23,1446.119
FDW16,1437.612
FDQ52,686.481
FDB58,2422.729
NCP29,1156.636
NCM05,3481.693
FDO25,3564.293
NCM54,2138.525
NCL54,3003.216
FDL39,519.617
FDF53,2828.734
NCQ42,2108.745
FDF58,949.054
FDZ04,1067.939
FDE26,298.005
FDS60,2610.002
FDV58,2532.454
FDM04,729.108
FDE08,3032.142
NCB43,3425.728
FDU11,269.37
FDF22,550.069
FDE24,2250.099
DRJ49,2090.452
NCQ53,4983.108
NCL41,562.602
FDR22,1822.673
FDH04,1703.41
DRH15,739.664
FDY40,845.485
NCI17,1559.146
NCC18,2745.418
FDY28,5491.832
FDB45,2852.156
NCL30,1850.352
FDM10,3285.808
FDH22,3278.937
NCZ53,3088.11
NCI18,3452.352
FDH14,3466.606
FDR36,984.13
FDW01,2395.969
FDK02,3037.664
FDJ02,2171.257
FDU55,4646.135
NCV18,2543.974
FDH14,1677.984
FDZ37,1319.684
FDX49,4018.196
NCD43,1610.87
FDZ07,855.769
FDK43,2269.716
FDR32,3292.996
FDT39,2488.277
NCV54,2085.634
FDF38,387.398
FDV60,2880.617
FDH44,4179.783
FDS21,1000.887
NCL41,577.525
FDM46,1570.208
FDU27,797.012
NCJ54,3750.187
DRG51,2405.678
NCA29,424.67
FDR47,2966.892
NCL19,3669.175
DRG01,1264.942
FDG10,952.204
NCV05,2514.301
NCH18,564.101
FDV14,1178.944
DRJ23,3283.73
DRJ11,3018.976
FDZ03,3074.341
FDI27,105.165
FDJ14,1068.537
FDU32,2167.516
FDD47,4550.833
DRF36,3820.073
FDM21,3889.81
FDV10,461.94
FDH60,2883.191
FDX47,321.951
FDT19,457.003
FDO11,3798.623
FDH24,3936.107
FDL02,1536.102
FDB02,3149.193
FDA43,3091.904
FDG52,757.455
DRC12,3204.164
FDY37,1867.66
NCU18,1954.803
FDU09,1125.709
DRJ25,1438.365
DRE12,1496.956
DRL47,2111.286
DRK01,1539.389
FDC22,492.055
FDG44,882.649
FDW04,2119.83
FDK09,3818.476
NCN43,2377.38
FDG04,2901.133
FDH32,266.066
DRI47,2481.681
DRE15,1079.856
FDY11,1240.381
FDO60,630.568
FDQ20,430.393
FDO57,4726.204
FDT14,284.669
FDA57,682.785
DRN35,711.286
FDJ03,758.411
FDX28,1767.964
DRE25,1418.558
FDR09,4257.001
FDB23,3846.771
FDO08,2402.034
FDQ23,1673.286
FDW04,2082.885
DRK13,443.256
NCL17,3517.61
FDY21,3331.878
FDJ38,5159.266
FDA37,298.492
FDV43,555.634
FDL36,1506.662
FDD53,575.697
FDZ19,380.979
FDV21,1996.608
NCL54,2739.644
DRI47,3938.243
DRG03,2559.516
FDG21,2568.228
FDW03,1407.053
NCI55,2083.939
DRC36,422.188
FDH22,1995.441
FDV20,1990.154
NCU41,4890.063
FDN46,2846.052
FDK50,2502.386
NCA05,4838.261
DRH01,2712.905
FDT08,2152.366
FDM08,3265.173
FDZ07,907.064
FDS22,841.651
FDV35,3672.478
FDI28,178.292
FDW58,2879.959
FDT52,3847.999
FDY34,2577.496
FDR10,2643.604
FDK57,2057.348
FDR02,2694.124
FDX49,3801.617
FDQ20,624.969
DRK23,4048.367
NCW06,3166.909
FDR31,2476.5
NCE43,2785.838
DRO59,2154.981
FDN09,3986.182
FDR11,2538.694
FDO57,2864.724
NCX18,3512.946
FDB05,3638.618
FDQ08,675.685
NCG43,1554.756
FDJ56,1640.618
FDA13,63.835
FDO56,1849.497
FDB37,3677.108
FDZ02,1329.155
FDQ24,4105.016
FDM16,1031.03
FDU35,1673.612
FDT35,2753.22
NCX30,4288.102
FDG04,3618.097
FDI12,1375.491
FDE35,1011.139
NCP14,2699.1
NCY53,1748.883
FDP49,994.735
FDQ04,704.019
FDM39,3053.366
FDO58,361.015
FDC56,2033.363
NCQ54,3115.035
FDV10,1050.85
NCK17,651.969
NCF55,1074.117
FDV33,4137.448
NCH29,293.024
FDA37,3276.367
FDH46,1474.03
FDS25,1827.658
FDH04,2603.37
FDX52,2982.698
NCD42,739.586
FDW47,2099.248
FDL25,2700.948
NCJ06,234.596
FDY09,2933.778
FDS40,620.946
FDH41,3432.394
FDG38,1438.05
FDU03,4703.931
FDV20,2076.572
DRB13,2771.596
NCQ30,2061.369
NCH06,3681.188
FDU50,1573.107
NCO42,268.675
FDW09,1046.954
FDH04,1446.211
FDC21,1389.434
FDL21,683.371
FDM46,266.262
FDT22,192.089
FDB28,3090.133
FDI12,1313.055
FDA28,1991.649
FDF59,2007.246
FDM45,3338.418
FDQ56,1396.465
FDR46,2491.081
FDT01,3564.998
FDD16,2303.362
NCU30,414.618
FDM40,388.408
FDI56,1630.23
NCS30,1992.507
FDU08,1675.25
FDX51,5583.777
FDA43,2822.244
FDX59,52.558
FDC37,1295.441
FDP58,3294.576
NCY42,2174.47
FDF21,3099.538
FDU10,1017.788
DRL47,1817.843
FDA58,3339.577
FDJ22,3006.226
FDK50,2666.086
FDO38,1323.772
DRF60,4146.7
NCZ42,826.343
FDD35,1972.946
FDL25,1505.241
FDJ16,884.405
DRK59,3676.296
FDI50,3850.162
NCB19,1395.878
DRI37,955.197
FDA14,4058.89
FDC08,3467.022
FDS45,2508.922
FDI21,1050.041
DRJ47,3040.547
DRE37,5079.135
FDT55,2583.61
NCG42,3509.284
FDA31,3085.692
NCW42,3574.888
FDF50,3318.583
FDK56,3332.409
FDX10,636.997
NCK07,4365.672
FDZ49,3832.832
FDR33,1794.648
FDO44,1483.599
FDA20,3179.706
NCL30,2045.598
FDI05,211.113
FDQ12,3136.421
FDH47,1600.432
FDH34,2768.606
FDF29,2150.759
FDG40,368.297
NCE18,4293.876
FDP21,328.92
FDY50,1380.968
FDB36,1998.266
NCZ29,2105.31
FDU20,1534.454
FDO56,1755.33
FDW31,3185.396
DRH59,1109.618
NCB30,3041.877
FDK43,3240.802
FDW43,3924.33
NCL19,2305.784
FDJ27,1643.074
FDC45,2782.946
FDY40,739.131
NCM41,1517.126
NCK18,491.362
FDP37,2108.718
FDA27,6321.053
NCX30,4400.407
FDR09,4109.689
FDG08,4816.259
NCU30,2648.721
FDB16,1450.786
FDM16,1179.221
FDC48,1179.681
NCF18,3300.74
FDU46,1208.771
FDH41,2937.882
NCN42,460.786
FDU49,1381.939
FDB20,2481.444
FDG50,159.559
FDW20,1843.126
NCO55,1881.258
FDX48,2469.704
FDU48,1884.987
FDR48,327.959
FDK27,1998.102
FDT35,2672.751
FDN12,1761.143
NCE31,106.878
FDL21,733.85
FDV56,1725.143
FDR16,3433.58
NCP41,1721.636
FDJ27,1737.215
FDA07,1955.991
FDK55,1390.972
FDM33,3915.112
FDY46,3035.406
FDD36,1913.605
FDB12,2773.386
FDF28,294.39
NCE07,322.073
FDW50,4080.413
NCW18,3839.186
NCJ17,266.223
DRZ24,262.714
FDS07,1903.105
NCW05,257.373
FDZ22,1145.178
FDK02,1938.283
FDZ45,5698.005
FDL25,1480.456
FDS08,2319.326
NCZ42,6811.081
FDX57,1646.996
FDF21,3364.671
FDJ56,1398.998
FDX10,611.162
DRG48,2490.076
DRN37,2492.374
NCY41,314.177
FDN28,1597.164
FDE34,2866.338
FDR10,2630.482
FDC32,1466.541
DRG13,2578.706
FDP59,1186.72
NCT53,304.876
FDL57,6198.736
FDN32,546.949
FDK09,3508.417
FDA52,488.572
FDC57,2784.01
FDI09,4205.89
NCB07,2900.272
FDP26,1769.761
FDP40,2683.597
FDL15,2529.664
FDV07,1764.996
FDS03,1081.106
FDE50,2988.825
FDQ15,1192.141
FDQ33,392.846
FDT22,805.414
DRO35,1897.049
FDJ41,4120.919
FDQ27,2049.344
FDC26,1803.276
NCF43,3576.12
NCR50,2805.978
FDE39,1826.611
FDN49,984.672
DRG11,1746.878
NCA18,1868.635
FDM36,2488.95
FDW32,1333.432
NCQ18,241.119
FDX14,2073.5
FDD46,2321.558
FDI34,656.027
NCJ17,1503.046
FDB52,3772.88
FDV55,2091.258
FDC57,3125.7
FDB29,1982.918
NCO43,1742.231
FDG44,895.197
FDJ34,1878.568
FDH40,1343.83
NCD07,3172.489
FDB41,772.548
FDH47,1378.251
DRK37,3640.063
FDM25,518.092
NCX06,2973.531
NCS05,2143.932
FDS39,2064.155
FDC47,5806.731
FDG20,2911.067
DRL23,1599.208
FDY33,2760.427
NCH18,3668.934
FDX47,2453.039
NCB06,2613.693
FDP36,788.066
FDW44,2607.986
NCU41,2745.43
NCS17,1540.426
FDD46,2347.421
FDE45,3098.16
FDI09,4055.18
NCJ54,544.906
NCA29,2802.783
NCN41,3456.308
FDY34,2919.349
NCG55,2011.9
DRM49,757.437
NCB42,1915.343
FDE58,1942.501
DRJ25,808.118
FDS47,195.724
FDY21,3126.024
NCI54,1759.555
FDO24,2592.811
FDY43,2715.741
FDF35,1555.315
NCP29,183.905
FDN28,2396.232
FDJ50,608.294
FDQ14,3710.11
FDC37,1983.455
FDN08,1863.671
FDD04,2199.698
FDW34,3447.29
FDP04,1050.711
NCG07,3127.658
NCN14,2813.488
FDJ16,878.07
NCM42,1597.983
NCF19,758.572
FDY21,2973.447
FDY19,2005.162
FDV09,2391.156
FDA28,2134.88
FDC38,1918.7
FDL28,3829.94
NCH43,3095.032
NCN53,530.777
NCW05,1639.257
NCO30,2726.068
FDT04,72.712
FDB27,2932.843
NCK07,2794.014
NCA53,715.786
FDB33,2479.155
FDU37,1359.87
FDR13,2075.755
FDE45,2995.644
FDV37,3152.234
FDX44,193.978
NCL06,4481.29
FDJ28,3031.322
FDX55,3799.136
NCK17,431.591
FDH52,990.925
FDN13,2653.81
FDK44,2727.93
FDU16,1243.519
FDZ07,945.33
NCN06,4178.989
FDH02,140.427
NCW18,3826.262
FDH57,2222.682
FDV35,2468.917
NCU29,2606.939
NCP02,1018.314
FDN44,2797.364
FDX03,391.293
FDR11,433.938
FDA36,2691.292
FDP58,5432.573
FDH31,1428.539
FDH34,3386.873
FDS13,3797.571
FDT01,3103.701
FDY09,2994.189
FDV33,6007.565
NCW29,287.802
NCN17,1593.664
FDX01,1784.942
FDL03,3145.57
DRL59,887.685
DRM11,6710.823
FDA43,3067.334
FDZ56,382.904
FDI44,1178.732
FDB50,1243.758
FDU15,61.714
NCJ19,250.137
FDD48,1897.331
NCW42,3978.156
FDL24,3272.158
NCB30,2593.344
FDK25,2634.748
FDW28,2792.491
FDD47,2927.112
FDK16,251.72
FDW37,1421.328
FDA48,3891.383
FDA14,2559.534
FDV15,1666.904
FDN22,3825.664
NCD55,592.291
FDY43,2712.451
NCU05,1270.544
FDF10,2525.646
FDR39,3012.931
FDG40,642.89
FDZ28,294.557
FDE02,1455.216
FDU60,2669.381
FDM21,3555.747
FDV52,250.984
NCW06,3157.776
FDX36,3692.893
FDT35,4234.468
NCL19,499.237
NCD31,2595.771
FDE53,238.13
FDW58,293.959
DRF48,3201.632
FDW57,2830.007
DRH13,1679.151
FDT33,2591.286
DRK47,5526.312
FDY22,401.952
FDC35,512.655
FDO03,4361.35
FDF24,1207.868
FDF56,2720.134
FDD28,822.844
FDG53,3306.766
FDO27,279.978
NCF54,2463.795
FDC20,1563.443
FDU10,552.009
DRA24,2187.886
FDA02,397.591
FDG10,898.038
FDW39,567.979
FDP04,155.712
NCM55,3089.919
FDG47,3894.828
NCU41,3049.028
NCK31,756.894
FDZ46,1619.859
FDU13,3569.212
NCF19,704.088
NCJ43,2901.211
NCJ05,2431.954
FDS04,3476.45
FDX28,378.755
FDB41,1378.523
FDG53,2010.94
FDL15,354.26
FDQ08,965.128
DRN36,1535.171
FDI46,4070.196
FDG16,5371.83
FDV32,1006.143
FDF44,292.178
FDK04,679.44
NCA41,3196.616
FDD51,648.092
NCZ53,2892.742
FDP01,4377.156
FDY25,3456.103
FDB17,2531.984
NCV54,1792.147
FDJ32,943.481
FDA37,2090.598
FDG35,2745.165
NCM05,3316.028
FDG45,3500.606
FDH28,616.818
NCE18,4341.63
FDH38,1744.058
FDR56,3174.477
FDH17,2475.247
FDD39,3638.642
FDB41,698.581
NCR53,3497.375
FDX46,926.678
FDV28,657.273
FDA08,2345.747
FDH45,661.962
NCS38,283.325
FDD40,558.6
DRM59,2409.339
NCJ43,2668.174
NCN29,773.153
NCC19,2909.094
FDR56,3262.266
FDZ43,3974.407
FDJ32,191.924
DRH03,1577.893
NCZ54,2750.117
FDE26,2458.908
FDS03,1000.474
DRZ24,269.8
FDO48,5681.914
FDW39,2957.537
NCK05,1114.236
NCK30,4647.842
FDT27,3002.223
FDS08,349.581
NCJ19,984.399
FDC58,595.099
DRE37,3166.247
FDW02,2446.98
FDJ02,482.925
FDX09,2639.098
FDT31,535.04
FDI24,3154.902
FDY09,2969.068
FDV28,594.928
DRM47,3365.808
FDT52,499.615
FDI48,623.675
FDY55,5760.959
FDU48,1958.628
FDN25,868.742
FDP20,2026.927
FDJ15,3325.839
FDD04,2008.776
FDY58,3941.704
FDR37,2929.858
FDF44,2065.086
FDD32,1309.831
FDR57,2382.649
DRG39,1761.466
FDX15,2740.599
DRN37,2397.928
FDW40,3667.771
FDB32,1483.446
FDM40,1869.754
FDE39,3076.679
DRH49,1280.173
FDT46,716.963
NCF06,3849.285
FDP07,3131.751
FDC04,3819.064
FDZ32,1730.604
FDD50,2680.696
FDU56,3416.482
FDV34,1221.792
NCY41,518.57
NCK18,2620.986
DRH25,935.177
FDT57,3893.666
FDV56,1392.164
FDV12,1479.999
FDN52,1396.341
FDX38,803.558
FDE47,1835.787
NCO07,3261.641
FDV09,4024.876
FDZ23,490.996
DRH51,1251.602
NCY54,2798.067
DRG49,3768.648
NCC19,3609.248
NCV53,4353.045
FDZ47,417.401
NCO26,1666.533
NCP02,943.002
NCW30,3359.176
NCN55,4080.588
FDB20,189.84
DRL11,2478.306
DRD60,2927.22
FDW14,289.683
FDL27,170.184
FDU09,677.929
DRH36,2101.871
FDP34,3997.308
FDE04,3126.063
FDZ57,3538.231
FDF02,252.095
FDG28,3814.566
NCI31,661.044
FDT43,672.343
FDU20,2089.154
FDD53,632.373
FDW15,2224.727
NCT53,2357.518
NCG55,3222.783
FDD48,2111.452
FDG47,3994.957
FDI21,1151.864
FDT27,3892.045
DRO35,1923.588
FDD33,3555.124
FDC04,3969.373
FDY34,2549.786
DRJ49,2060.828
FDE05,2462.348
FDU31,3689.575
NCN19,5264.676
FDK56,5297.79
FDK58,1802.484
NCJ42,1827.739
FDZ34,5629.3
FDA52,2739.923
NCR29,739.74
FDT48,3749.01
DRJ51,513.167
NCS54,2879.196
FDV01,2476.306
DRG51,4154.218
NCG42,2179.11
FDA51,1968.47
FDV19,409.09
NCT18,2878.282
NCS41,2899.679
FDO03,4188.384
FDL12,166.12
FDY37,407.233
FDI58,1534.322
FDT28,2089.065
NCC42,279.862
FDO01,1917.633
FDJ02,2480.608
FDQ04,489.221
DRL47,2044.161
FDZ32,1727.818
FDC35,3602.416
FDX14,1163.202
FDZ35,1709.364
FDL14,2334.399
FDO04,871.206
DRK11,2282.137
FDB44,2971.44
FDZ50,3323.192
FDI12,2546.351
FDU43,3893.422
FDD58,239.746
FDB27,3182.67
FDB04,842.619
NCO17,1710.51
FDL12,849.116
DRJ13,2656.152
FDD57,1457.478
FDW19,1895.319
DRD27,1336.424
FDH27,3744.182
NCW30,4685.056
FDR40,1128.022
FDG05,2487.224
NCY41,64.236
FDI38,3159.574
FDR20,604.708
FDE09,1747.756
FDN50,245.501
DRF27,2352.172
DRF51,642.357
NCO02,171.061
FDB51,1763.684
FDJ50,820.444
FDN52,1338.912
FDX14,1161.712
FDT27,535.754
FDV10,618.717
FDU33,923.84
FDU58,3199.728
NCP42,5413.768
FDL51,5570.236
DRH15,1244.195
FDU16,1358.902
FDW15,2406.906
FDQ44,1945.316
NCI06,5355.99
DRK23,818.556
FDC28,1729.9
NCY17,132.454
NCV05,2029.485
FDM34,225.792
DRD60,5312.972
FDT38,1334.26
FDQ57,2139.526
FDE59,1026.506
NCM43,2674.513
DRI51,2866.226
NCG30,2062.807
NCK54,2059.51
FDQ16,220.812
FDI36,3279.302
FDX16,4104.382
FDA34,2970.255
FDJ48,3222.512
FDU47,2230.509
FDS39,2238.458
FDD11,3709.186
FDM16,1986.358
FDU56,2979.072
FDQ32,2088.422
DRK35,634.893
FDA58,3926.381
DRG48,420.622
FDT59,581.701
FDQ31,283.483
FDS51,884.031
FDW32,2471.297
FDI15,6109.938
NCV30,1009.454
DRG25,3382.417
FDT02,565.083
FDO33,3205.563
FDP38,917.908
FDZ45,3526.713
NCA54,4992.105
FDU33,831.697
FDN58,3930.161
FDI05,1261.684
FDM57,156.545
NCS42,2378.05
FDB57,3980.084
FDC03,3005.426
FDZ58,1925.384
NCK29,2005.222
NCR53,3708.547
FDE26,3804.716
FDU52,2455.618
FDE41,2268.006
FDU38,2711.542
FDA52,2977.35
FDW46,1068.65
DRI59,3889.459
FDT38,1382.265
FDL33,2986.348
FDQ01,5844.06
FDJ08,3042.093
FDQ47,704.905
NCZ18,4071.845
FDE29,1002.392
FDF10,3929.099
FDC48,1328.45
FDY58,4105.516
NCX30,1114.772
FDV11,2837.317
FDT46,670.69
DRD01,171.471
FDQ11,3990.12
NCM41,1604.583
NCC55,602.975
FDG45,5494.449
NCQ54,3278.744
FDM34,1984.262
FDD17,363.936
FDN38,6541.46
FDB53,2278.988
NCL06,3983.644
NCV18,270.983
FDX25,3228.271
FDB39,814.548
FDC33,3249.589
NCO14,384.402
FDA58,5655.718
NCQ02,3509.284
NCR53,3761.897
FDN52,1288.488
FDG26,3571.228
FDE23,1329.346
DRI37,907.152
DRH37,2321.154
FDO01,2102.313
FDK45,1900.45
FDP23,3740.642
FDM33,3828.792
FDD36,2124.803
FDL56,1423.261
FDT27,431.178
FDG52,759.766
NCL42,4470.073
DRJ24,3337.666
FDV38,892.025
FDT35,2800.355
FDY51,3386.749
FDC37,1677.56
NCP43,2751.847
FDO33,1747.51
FDW04,1829.676
NCC31,2363.974
FDK22,3665.77
FDJ50,901.914
FDV13,1471.814
DRL60,2331.064
FDW03,1731.555
FDY27,2964.047
FDB39,1593.865
FDU59,2457.633
FDZ57,2239.869
FDO21,3210.306
FDS43,2755.566
FDU28,463.054
FDC51,280.011
FDW16,218.897
FDP32,261.522
FDB60,422.181
NCQ30,2116.696
FDD26,3349.198
FDI44,1261.857
DRH23,878.862
FDO44,1694.318
FDG04,2782.4
FDM32,2571.617
FDM09,2643.473
FDZ47,1613.887
FDM40,3535.75
FDY48,1718.453
NCM30,642.927
FDX36,609.646
DRF03,652.386
FDN51,4183.872
FDM57,1231.687
FDB35,1566.262
FDY13,2182.671
FDA37,2057.25
NCX53,2275.691
FDD59,1067.658
FDX10,90.651
FDC03,2813.33
FDW43,4389.24
FDW10,2484.608
FDY14,6680.526
FDV43,654.433
FDO40,2507.978
FDP46,2529.196
NCE43,374.495
FDD05,2225.976
FDJ60,393.378
DRE27,1240.633
FDO11,4467.526
DRG11,2717.908
FDK33,790.388
DRM23,2588.384
FDJ02,3813.841
NCZ05,1597.132
NCL30,2097.596
FDZ19,2649.788
FDM45,2067.126
FDO36,2911.505
NCK31,645.956
DRJ37,2409.248
FDP24,1722.638
FDF46,1868.418
FDX46,167.38
NCL18,2964.3
FDJ26,3359.674
FDJ07,1743.257
FDY15,2249.596
DRG01,1107.549
FDF58,1019.72
FDZ14,310.57
FDP31,790.521
FDH45,608.472
FDA09,522.241
FDW31,3206.157
FDA57,656.752
NCE55,2818.684
FDC17,671.386
FDC59,956.613
FDA22,2628.633
FDK52,3891.924
NCM26,2609.358
NCT53,2535.589
FDW45,2185.766
NCI18,3255.85
FDE38,2347.358
FDF08,212.783
FDY58,566.311
FDF58,135.275
FDX39,3967.222
FDB44,3545.475
FDF28,2196.751
FDE39,1817.416
FDT37,3548.184
FDZ45,3334.576
FDO40,2768.512
FDM57,2193.02
DRG36,3034.489
FDY36,122.185
DRL60,3753.847
FDS25,278.582
DRF49,2956.005
FDP16,3879.921
FDS60,2088.504
FDU15,933.879
FDK43,1987.484
FDN25,877.502
FDE53,1576.434
FDB22,2398.866
FDE39,2040.682
FDX35,3965.775
NCG54,3081.558
FDH27,2458.532
NCK42,3352.356
FDS25,1809.293
FDI10,2666.432
FDU35,1680.974
FDI04,3216.212
DRK23,4440.405
FDB53,399.791
FDY02,3603.131
FDM60,644.377
NCJ31,606.671
DRP35,1956.709
NCQ30,1676.552
DRL11,402.747
FDU01,3143.389
FDR39,3044.349
FDO08,2455.104
FDC02,4516.1
NCZ29,2131.426
FDF29,378.085
FDZ23,3167.484
NCU53,2038.808
NCW30,3576.984
NCM26,4204.916
FDV50,3352.059
FDW15,2325.575
FDI35,5541.74
FDO11,3912.315
FDN48,1529.192
NCA17,2477.11
NCN54,1134.949
FDP22,719.469
NCB54,2055.337
FDD08,569.547
DRM48,97.082
FDG41,3085.111
FDE44,1544.416
FDE26,2499.07
NCS38,1864.927
NCJ54,3245.01
FDI40,277.762
FDN45,3329.263
FDU43,3787.362
FDI04,497.836
NCC07,1330.794
NCC07,254.412
NCD18,3959.198
FDU55,4446.872
FDX59,606.773
FDR52,3357.284
NCP17,957.356
FDQ32,2030.814
NCT17,3529.083
FDO10,966.524
FDE32,599.487
FDN44,2737.646
FDH02,1478.462
FDK60,1540.836
FDS24,110.835
FDL03,505.173
FDB46,5536.916
FDO48,3887.133
FDZ39,1630.479
FDT02,1037.379
FDC50,1508.571
FDP39,837.31
DRG15,845.387
FDP10,1392.692
FDF53,5916.605
FDN34,2771.5
FDK02,1950.669
FDC23,2976.602
FDJ10,350.46
FDE53,1850.624
FDR25,4746.898
FDW50,2610.15
FDS09,876.211
FDW49,403.635
FDU51,2953.219
FDF28,1684.525
NCY30,2581.504
FDD44,4208.86
FDX09,2878.254
NCF30,2086.874
FDZ50,515.771
FDW37,1330.394
FDD11,3872.134
DRH39,1085.213
FDA36,2653.39
NCG43,1503.62
FDF02,1704.796
FDP57,2703.035
NCE42,3410.11
NCR38,6056.322
FDP03,449.59
FDO51,726.078
NCQ42,1937.678
NCM41,1465.14
FDH48,2304.016
DRF60,3863.902
FDJ27,1728.917
FDQ14,2368.188
FDN27,1951.83
NCQ02,3232.314
FDJ33,2060.123
FDP07,5461.715
DRE01,4040.402
FDU36,1586.141
FDL28,4144.521
NCX53,2352.231
FDZ39,1598.857
NCP42,3079.106
FDJ14,1265.665
FDK04,895.814
NCC19,3057.288
FDS09,654.377
FDZ02,1615.913
FDD35,1825.836
NCY42,2459.99
FDB05,3895.733
FDF20,3582.371
NCO41,1277.915
FDC40,2268.488
FDV58,1870.109
FDZ57,2058.673
DRM35,2872.383
DRN36,1354.662
FDQ13,1272.392
DRO35,249.097
NCD43,1642.756
FDA51,1737.385
NCX17,6596.26
NCZ17,734.814
FDR11,3971.163
FDW34,4240.154
FDN50,1572.643
FDS09,846.266
FDS48,2177.722
FDL44,2635.477
DRF48,2708.96
FDA14,1993.053
NCD30,1595.696
FDI16,883.7
NCG06,3677.906
DRZ24,2122.521
NCS17,1527.12
FDB37,4071.02
FDE10,2160.475
FDC57,2781.217
FDM12,2711.962
FDE24,2158.847
FDW22,3574.459
DRD01,1642.014
NCZ18,6400.156
FDN49,633.317
FDR22,2153.642
FDV08,96.438
FDY39,3958.922
FDV36,2133.44
FDO60,690.635
FDU04,3238.96
FDR20,1237.134
FDW19,263.794
FDU40,2068.379
FDK15,1418.351
DRF15,2428.876
FDQ25,2872.193
FDI48,120.04
FDS49,1331.518
FDV22,2690.279
NCV42,1925.094
FDX26,3366.11
FDI33,1245.355
FDZ14,2090.053
FDG10,784.112
FDM38,741.855
FDG26,5555.97
FDH46,1723.579
FDN13,1323.94
FDU57,2471.396
NCI06,3053.826
FDM38,903.39
NCG42,235.796
FDL39,2785.32
FDT31,527.621
FDV59,3810.467
FDB49,1748.533
FDD58,1762.597
DRN59,699.809
FDX48,2492.592
FDQ11,3909.671
FDY12,902.251
FDQ11,3800.873
DRI11,1755.707
FDY32,4169.608
FDS51,971.619
FDR19,408.168
DRB13,2729.924
FDS21,1163.343
FDQ40,2699.806
NCE55,2800.708
FDX43,3571.496
FDS12,1999.13
DRK01,2500.207
FDN25,929.818
FDB60,3280.3
FDQ13,1339.681
DRK13,2874.204
DRF25,436.194
NCD42,92.37
FDW25,1372.527
NCV29,4857.088
NCK42,3088.384
DRJ13,4056.594
DRD15,3818.977
FDM27,2508.676
FDZ50,2919.838
FDC04,3695.682
FDF50,3439.102
FDP15,4176.644
FDK46,4329.384
FDZ56,2310.514
FDY60,2630.943
FDB10,4049.348
FDR57,2385.763
FDU58,3218.232
FDH02,1460.555
FDP48,3660.361
FDI46,4155.306
FDW56,3492.283
NCM19,466.311
FDS50,5904.277
FDK24,676.788
FDO36,3070.8
FDK45,2964.202
NCL05,695.535
FDL32,1691.098
FDA28,2103.637
FDY36,870.221
FDP32,1759.59
FDL50,1982.357
DRC24,2552.499
NCS18,1974.338
FDD16,1222.341
NCV18,1407.357
FDX07,3217.249
NCZ05,2518.533
NCI31,594.426
FDK14,1305.111
NCR06,706.678
NCF54,2840.534
DRG23,314.744
FDD53,595.422
NCM31,3164.078
FDT16,4459.457
FDR40,1401.597
DRG25,3466.847
FDT10,1054.844
FDY32,2737.246
FDN50,1658.043
FDZ35,212.556
NCP54,2116.578
NCD07,1817.026
FDS02,3061.704
DRN59,564.24
DRB24,2512.545
FDP37,3460.981
DRB01,2871.697
FDR47,3085.73
NCM31,258.038
NCF06,5383.887
NCV17,3528.427
FDS10,2767.668
FDN52,1356.902
FDZ48,1810.351
FDJ48,3944.7
DRB13,3619.998
FDV59,3634.366
FDL32,1791.06
FDZ12,2183.66
NCR06,886.321
FDP51,2095.143
FDY22,2195.41
FDZ38,3399.257
NCO54,1075.198
FDR23,2873.777
FDM38,885.176
FDS25,2043.3
FDZ22,1190.731
FDZ20,738.994
FDD45,244.98
FDN03,4086.868
NCW30,2605.102
FDY24,1622.708
FDJ26,619.158
FDM15,2461.426
NCW54,1746.352
FDA23,1593.404
FDA39,100.171
FDZ12,2422.549
NCB42,1892.868
FDL16,841.341
FDO24,467.148
NCP42,2968.202
FDR19,2117.83
DRL01,3609.84
FDV37,3067.701
FDI41,332.641
FDF58,998.644
NCF43,1878.441
FDN02,3666.103
NCP41,1824.606
NCY17,1200.303
FDL58,6088.374
NCA30,4534.336
FDE46,2027.411
FDY38,4012.138
NCH29,2336.936
FDO20,3964.93
FDP44,1445.874
FDM02,2341.198
FDJ14,2206.052
FDH04,203.643
DRK23,4109.301
NCW05,1614.88
FDF12,2479.67
FDL51,587.223
FDN03,3329.05
DRJ37,2422.817
FDM12,529.755
FDA16,3741.133
NCB07,2997.231
NCI17,270.316
FDR51,2448.452
FDJ55,3851.872
NCZ17,780.692
FDU25,953.248
NCG18,1597.246
DRM11,4526.42
FDH16,1489.935
FDZ04,790.552
NCX53,2498.668
FDX38,1420.68
FDX09,2844.478
NCW05,1473.374
NCS41,3119.67
FDI26,2859.222
NCZ41,3355.67
NCK06,1730.06
FDX23,2373.609
NCA42,2635.794
FDC20,846.543
DRC49,2025.88
FDX01,1821.745
FDC08,3247.341
FDC02,5843.336
FDK10,2853.935
DRC24,2447.551
FDW16,225.574
NCU06,3192.522
DRA59,3169.894
FDR24,206.002
DRL35,475.956
FDA49,1335.861
NCC55,607.645
DRD24,291.146
NCE55,3301.485
FDT33,2709.168
NCT53,2436.565
FDS26,4066.239
FDL22,1259.324
FDP44,1713.722
FDC52,2221.384
FDI53,361.387
FDZ23,2978.948
NCT18,3033.83
FDR13,1864.295
FDB09,352.966
FDZ60,1491.36
FDB11,3600.98
FDC10,1609.362
FDW56,3501.853
FDK14,2326.587
DRE27,2270.392
FDA38,3643.162
FDT11,2887.867
FDP15,4402.066
FDV27,1427.971
FDS36,2992.886
FDY40,1289.596
NCF19,795.878
FDF53,2883.99
FDS14,3917.832
FDE56,1109.543
FDZ19,2789.477
FDZ46,1738.88
FDR16,3728.186
FDG29,447.032
NCE30,3548.648
FDZ40,900.21
FDG58,2136.13
DRH03,1450.631
FDZ47,1473.044
FDV04,2350.519
FDZ10,1783.076
FDG46,1909.827
NCF07,1528.867
FDY44,3509.617
FDB21,3957.418
FDS20,3281.072
FDS49,1352.998
FDX55,5446.517
NCQ02,2900.846
FDR25,4234.347
DRG39,910.704
FDB46,3492.891
NCC30,2649.412
FDE58,2096.056
FDC05,455.54
FDY15,2469.708
FDG14,2452.484
FDL08,4045.857
FDQ47,751.953
FDN12,1724.944
FDW10,2485.64
FDD02,2029.686
FDX35,650.505
FDT35,2700.59
DRN47,497.339
FDB11,641.336
FDN20,2507.964
FDB59,3015.872
FDJ58,2821.642
FDU60,2641.148
FDS03,1252.199
FDU40,203.534
DRH15,860.717
FDD04,4040.209
FDQ01,3819.612
FDF28,2159.19
FDD22,269.639
FDY19,1863.709
FDN33,1534.579
FDV36,2153.219
FDW01,389.06
FDJ28,3269.376
FDB17,3227.156
FDM40,2122.198
FDV46,2137.136
FDQ44,2094.586
NCD42,626.657
DRH37,2647.079
FDR10,2388.66
NCD06,1341.415
FDI53,2604.498
FDG16,3512.198
DRB25,1646.856
FDY09,2865.13
FDX48,2386.572
FDC03,450.148
FDT47,1926.605
FDW44,4333.471
FDT24,1293.022
FDT12,754.345
NCS38,2068.267
FDO39,3366.392
FDA13,637.587
FDO48,4158.209
DRJ01,2369.812
FDD53,424.834
NCT05,4058.332
FDQ51,759.725
FDU60,2647.842
FDC59,927.052
FDP36,979.842
NCM19,1809.086
FDL16,673.203
FDE50,2738.855
NCR18,688.973
NCD30,1652.04
FDH31,1531.606
FDD56,543.226
FDC47,3790.786
FDZ21,1450.336
FDM01,1680.308
FDF24,1271.531
FDW23,660.355
FDY52,745.53
DRH37,4410.734
DRO47,3147.216
FDR25,4455.19
FDQ24,6375.614
DRJ51,3962.195
NCU06,4114.095
NCV18,1307.562
NCC06,3245.378
FDZ01,1407.294
FDT14,2059.73
FDD11,383.74
FDN09,3724.991
NCO18,487.526
FDZ50,3134.916
FDS44,4053.668
FDI36,3095.938
FDA26,521.273
NCY53,1898.182
FDF32,3187.514
FDF59,279.062
FDB20,1335.246
DRH11,1020.206
FDT03,1605.155
NCH06,3920.448
FDR55,3250.665
FDI10,2880.865
FDZ12,2068.033
FDM12,3164.462
DRB25,1466.181
NCS41,2907.458
NCT53,2632.179
NCD55,587.074
FDY08,2151.515
NCP55,889.281
FDA33,2387.594
FDQ33,2599.35
FDE45,5017.864
FDT26,2046.959
NCV53,4454.088
FDK60,2616.878
NCJ29,1343.249
FDI15,3961.716
FDX21,1869.501
FDV49,623.025
DRO59,1337.1
FDZ14,1907.627
FDP32,3355.949
FDC33,3173.552
FDT14,291.804
NCN54,2256.903
FDR57,3260.178
DRK12,530.246
FDX52,3186.61
FDX08,508.993
FDP10,204.254
NCP50,1223.184
NCL06,3945.366
FDP25,3499.293
FDE53,1700.274
FDL27,1231.537
FDC35,4083.926
DRJ47,458.322
FDD16,1001.689
NCN42,2630.425
FDC38,3554.376
NCO07,3082.478
FDQ20,636.284
FDI32,1877.934
FDN20,325.493
DRJ51,6511.287
FDU08,1485.178
DRN37,300.554
FDD05,316.75
FDW15,2302.049
FDI52,1998.597
DRM11,4040.034
NCO06,551.147
FDU38,3475.628
FDU59,2344.086
FDJ10,2323.364
FDM13,1927.029
NCJ30,257.715
FDM45,1947.224
FDP36,846.819
NCD30,209.113
FDN48,1524.989
FDY32,2642.462
FDU47,2242.275
FDF17,520.003
FDP34,2740.157
FDA47,2720.988
DRD27,2637.823
FDW38,882.909
FDZ15,352.085
FDZ03,5502.51
NCN19,3241.386
FDG02,2708.205
FDS31,3337.209
FDW43,812.363
FDZ47,242.626
FDO57,2482.494
NCL07,684.858
NCV42,1865.134
FDP40,1857.888
FDP48,430.672
FDH21,2637.294
NCP02,1131.095
FDK24,792.191
FDC41,1156.345
FDF08,1451.667
FDO49,892.453
FDS56,6339.334
FDX46,791.008
FDQ07,3706.637
FDC32,186.095
FDT21,572.538
FDG58,2255.521
FDW14,1373.44
DRA12,3556.484
FDV27,1245.931
DRD25,1768.656
DRF48,4431.729
FDX24,1575.44
DRJ51,3804.012
FDE45,2900.295
FDE14,1720.275
FDG53,1975.51
FDT08,2476.372
DRC27,5814.112
FDG20,2894.621
FDC21,1581.574
FDV31,2678.228
FDB58,2091.878
FDV23,1998.61
FDA25,259.413
FDC15,2528.745
FDU47,2023.717
FDE23,770.266
FDS08,2663.528
FDW03,2663.943
FDJ60,2283.9
FDM34,2179.826
FDW33,1662.769
FDZ40,837.971
FDE33,995.677
NCC06,236.806
FDU11,1931.948
FDL44,2515.785
NCZ29,2110.177
FDG28,720.594
FDL12,741.256
FDD52,1669.354
FDO15,1211.854
NCN29,1318.404
FDW36,1476.414
FDB21,3814.625
FDZ28,1914.837
FDY10,1940.058
DRG39,1130.128
FDN28,1640.22
FDV15,1687.425
DRI13,4181.674
FDH20,1490.401
FDY51,3877.612
FDE16,3613.403
FDX40,486.886
FDC48,1061.417
FDS14,2444.141
FDX56,3984.38
FDI10,2925.662
FDI14,2254.608
DRM48,679.674
NCH07,4214.315
FDY26,3697.226
FDD02,3196.534
FDM12,3121.586
DRF01,345.463
FDV36,1964.253
DRI59,3995.545
FDV03,2228.887
FDO39,3249.771
NCB07,2761.958
FDH38,3001.138
FDZ13,828.608
NCZ30,2010.538
NCA06,592.105
FDB04,1202.387
FDN50,1549.142
NCG06,3899.132
NCY17,507.476
FDC23,2882.597
FDK33,3247.294
FDR03,3547.96
FDZ07,963.411
FDO38,1201.103
FDS59,1738.849
DRM11,539.01
FDX52,5521.134
DRJ35,730.276
NCP53,3929.074
FDW15,414.694
DRI47,2349.48
DRZ11,1950.671
FDS02,3058.997
DRD49,3539.86
FDW38,930.646
FDR21,402.617
FDE40,1043.351
FDI02,1791.014
FDQ04,667.178
FDY14,4233.464
NCT54,1473.222
DRD25,1801.36
DRE01,3894.298
FDJ12,557.606
NCZ05,1720.345
DRB25,224.446
NCC31,2474.934
FDM16,1173.32
DRG11,1696.85
FDV24,3349.865
FDV43,674.444
FDG05,2292.738
FDV23,332.684
FDI58,1374.259
FDQ11,4749.182
FDC05,5573.682
FDF40,3879.134
FDU02,3512.916
FDT32,2918.588
NCF06,4254.765
FDT46,736.19
FDR58,240.985
FDY04,2410.308
FDT58,2508.483
FDE46,2476.008
DRH11,905.695
DRI51,3028.52
FDC35,3638.954
FDP45,4071.474
FDC45,2835.833
FDU01,2940.255
FDJ53,278.343
FDJ46,2903.087
FDX07,3150.56
NCI30,3729.216
FDE47,3306.639
FDV48,1270.32
FDN16,257.833
FDM52,2603.207
FDA32,5485.232
FDH05,4335.443
FDW25,231.097
FDQ09,1885.618
NCM17,143.006
DRM59,2413.884
FDV47,2347.858
DRE15,1170.566
FDS25,255.779
NCZ05,1412.631
NCV05,296.536
DRM37,3174.674
FDV58,6908.759
FDN22,5966.375
NCO06,635.059
FDT56,164.387
FDM02,1324.544
FDA09,3141.081
NCC06,2224.992
NCL54,3025.812
NCB55,974.957
FDB12,1709.506
NCA54,3262.866
NCS38,2109.99
FDC02,4507.646
FDK44,462.824
FDE16,3821.821
NCS05,2311.172
FDZ59,2591.358
FDI20,3648.825
FDQ14,2389.958
FDF53,3070.014
FDW25,1450.829
NCQ43,188.845
FDX52,3026.705
FDE28,3914.832
FDN15,2264.844
FDO28,1914.277
FDQ33,2436.29
FDM22,155.309
FDJ03,832.283
FDI16,892.177
FDI09,7345.076
FDX55,3495.397
FDS23,2958.628
DRC12,3036.346
FDH41,3593.09
FDN01,2793.589
FDV55,2380.267
NCJ19,868.533
NCY29,151.884
FDP03,1946.244
FDZ52,1689.298
FDH31,249.505
FDQ19,3317.669
FDS15,1751.724
FDN32,3355.076
FDH32,1607.048
FDF33,1771.549
FDJ22,2941.588
FDG56,161.027
FDC05,3200.899
FDK09,3822.557
NCV29,2823.359
NCC43,580.77
NCA42,2755.932
FDC10,1765.117
FDC16,1251.397
NCL17,2254.776
FDA51,1928.154
FDW01,2609.853
NCF30,1993.689
FDN49,640.724
FDY20,1417.379
FDC15,2416.496
FDY24,945.074
NCG43,1621.666
FDA48,3829.64
NCF55,676.556
FDL38,1478.3
NCQ29,2932.466
FDC34,2757.27
FDP36,1513.23
FDN50,359.928
FDO23,1528.751
FDT56,745.645
FDT13,5262.132
FDZ03,3245.348
FDQ03,593.757
FDU44,2621.279
FDD03,3915.078
NCH30,1738.892
FDS60,402.424
FDG08,2978.713
FDX38,827.029
FDD22,1901.356
FDW51,3590.857
FDL09,2626.154
FDZ60,1404.929
NCH07,2629.661
NCQ41,3391.49
FDW04,2065.953
FDI08,6206.31
FDR19,418.871
FDV13,1388.164
FDB52,3899.341
FDZ48,2936.683
NCO14,741.035
FDZ50,3246.936
FDN27,178.317
FDQ60,2084.105
FDR49,755.594
DRJ35,1631.214
DRI49,1382.633
FDB47,3922.209
FDP37,305.282
FDR26,2387.916
FDY31,435.122
FDC11,1293.815
DRP47,4141.824
NCY54,2650.31
FDR27,2164.131
FDQ21,297.387
NCQ29,3223.023
FDJ02,2571.98
FDE21,1636.476
FDM39,3197.102
FDZ01,1899.958
NCB19,1371.046
FDU03,2843.924
FDP27,3383.025
DRF01,2295.331
FDM03,1698.245
FDV01,2382.587
FDS16,2486.388
FDO45,1449.175
NCX06,3224.379
FDP13,717.732
NCR38,3568.881
FDA01,807.636
FDT26,1932.674
FDD44,6415.058
FDB26,884.172
FDP45,561.389
NCP55,789.041
FDT23,1312.538
FDO51,589.711
FDA44,831.733
NCJ31,3302.465
FDX37,1268.777
NCD18,3849.876
FDN40,3360.991
FDL33,3139.94
DRF48,3059.901
FDW08,1615.071
FDX39,3018.611
FDB38,2795.608
FDY46,2832.622
NCB06,2828.154
FDA34,3191.516
FDA35,2046.379
FDQ07,3492.033
FDU32,1999.386
FDU26,1813.511
FDU13,396.126
FDO09,5299.462
FDW03,213.614
FDB38,2657.916
FDL26,341.259
NCN43,2058.68
FDH08,3563.91
NCC31,423.956
FDH14,2184.853
FDL40,1586.501
FDD20,2332.179
NCV53,4880.145
FDD16,978.099
FDP24,1939.236
FDQ25,2759.328
FDM38,915.24
NCT18,493.717
FDM34,2128.112
DRH37,394.415
NCE07,1885.378
FDG12,2018.03
FDB59,442.014
FDS10,2732.688
FDN21,421.509
FDM02,1350.224
FDO44,1764.959
NCN17,1647.561
FDH16,1348.263
FDL44,2471.903
FDY47,2086.237
DRI39,899.228
NCX54,1446.266
FDE59,632.028
FDO46,2949.225
DRE13,1614.576
FDW14,1242.1
FDF35,1677.858
FDO50,223.563
DRF49,1904.853
FDT60,2080.424
FDP38,655.855
FDA31,4583.514
FDY52,105.316
FDD03,6334.788
FDN52,1250.092
FDU20,280.676
FDD22,1710.282
NCB55,172.442
FDN27,1599.395
FDD16,1370.446
FDW48,1113.545
DRN35,673.904
FDX25,3020.66
DRD49,3895.815
FDE21,346.22
FDN44,3189.398
DRC01,761.004
NCK30,3953.232
FDU39,840.648
FDB49,1549.787
FDS12,1870.497
FDR57,2283.882
FDX22,6139.808
FDC60,1915.089
NCE42,3356.89
NCK42,3366.099
DRE01,3924.224
FDE57,1939.256
DRK59,693.002
FDB10,6006.227
FDQ25,2776.395
FDY26,3935.3
FDG28,4073.506
FDM14,1707.591
NCH29,1616.842
FDD48,1915.54
FDC17,3520.173
DRH49,2273.221
FDN44,2484.489
FDC29,1895.678
DRK01,219.12
FDD48,1957.844
FDB59,2925.056
FDY45,580.462
FDX60,1282.718
FDT09,371.649
DRB24,2244.486
FDL13,3686.018
FDN16,1753.219
FDK57,2002.054
FDO22,2408.614
FDC57,527.837
FDZ13,1448.93
FDW27,2343.066
FDX10,676.088
FDY08,1753.092
FDA49,1346.84
FDC32,1320.175
FDO04,932.956
NCZ54,2790.476
FDY40,798.176
FDW36,1581.494
FDE11,3300.472
DRE37,3027.775
NCK19,3044.942
FDT19,2855.879
FDE56,1048.481
FDZ57,248.7
FDB35,1647.113
FDF09,56.393
FDO34,2765.238
FDA55,3501.989
NCM18,1008.387
FDJ20,190.305
DRQ35,251.655
FDG02,2733.567
NCU29,2042.343
FDL27,1743.05
NCA54,3126.449
FDJ32,961.745
FDB21,664.299
FDR46,2479.548
FDZ32,1757.093
DRF36,3346.472
NCU54,3646.901
NCI31,714.683
DRA59,3233.474
NCC55,584.679
FDE44,705.781
NCN26,1762.98
FDC11,1320.356
FDV24,2089.162
FDR40,185.75
NCQ17,2883.956
FDC46,3264.887
NCM18,1120.244
FDK16,1551.95
FDI28,1284.311
FDS11,3289.638
DRD13,1035.694
FDL36,1479.764
FDI27,792.024
FDJ53,275.805
FDS44,4014.496
FDE28,3633.224
FDQ33,2319.122
FDB37,4250.93
FDQ31,1379.808
NCQ05,2473.512
FDE10,2116.556
FDF38,635.299
FDE50,569.873
DRG37,460.226
NCH06,3976.724
FDY14,3948.134
FDO27,1554.656
FDQ19,4247.259
FDZ26,559.394
FDN51,5059.32
FDK20,2140.124
FDD40,2789.073
DRI25,683.867
FDH56,1853.943
FDI36,5823.036
DRH11,654.497
NCV18,1446.383
DRI01,3001.903
DRE48,3175.636
FDS51,1146.749
FDM38,827.483
FDB60,5799.452
FDY58,3963.116
FDY22,2134.419
FDF11,6482.002
FDZ51,1452.375
FDQ45,3563.801
FDF17,3253.76
NCF31,3553.332
FDA37,1951.662
FDO51,728.725
FDF34,2806.536
FDD57,1279.541
FDO37,4025.207
FDR49,806.526
FDS39,2241.594
FDI48,1648.421
DRM35,3076.74
FDV57,3288.023
FDZ55,2512.516
FDI28,1359.803
FDS21,969.547
FDT34,1677.208
DRI25,817.843
FDT47,509.335
DRH39,1149.832
NCD54,2027.695
FDU16,2257.856
NCW29,1989.75
FDV25,5554.244
FDM56,1762.558
FDZ04,1753.562
FDG59,59.789
FDI56,1339.475
FDS33,1451.19
FDC23,3098.995
FDT11,3043.6
FDG17,3926.37
FDZ44,1608.705
FDJ52,2575.356
DRI23,2433.965
DRE15,193.078
NCF07,1684.124
NCR29,886.276
FDE44,130.782
FDT23,1391.17
NCG06,3659.56
NCU41,505.047
FDH46,1698.06
FDV31,2835.903
NCT41,4193.839
FDE22,4123.594
FDC26,1676.34
DRF51,692.058
NCY53,334.769
FDY21,3233.588
FDL27,960.391
FDZ34,3261.944
NCF43,371.276
FDC21,1686.472
FDL26,2519.576
FDT25,270.732
NCR30,1167.961
DRL23,155.572
NCR05,3380.065
NCE19,700.268
FDY07,619.021
FDB10,3897.699
FDP57,1681.639
FDU48,253.717
FDH48,1439.034
FDO33,1910.656
NCU29,2278.489
FDW35,633.845
FDH05,609.499
FDP26,1700.874
DRG27,722.74
FDQ33,2653.843
FDH20,245.668
FDV14,1345.943
DRD01,943.0
NCI17,1666.846
FDF39,663.47
FDX37,1588.786
NCX17,3572.388
FDN03,4168.765
NCS41,484.55
FDH34,3056.259
NCX53,1945.109
FDY31,2486.636
FDD20,2287.088
FDE51,884.087
FDV27,1616.34
FDF16,2496.005
FDZ02,1500.339
NCK05,1038.257
FDM12,5174.445
NCA05,2123.227
FDX33,2654.408
FDM25,2940.97
FDE41,1144.708
FDW14,1287.096
NCD30,1538.664
FDB23,462.529
FDF45,978.003
FDW20,2048.135
FDF47,2794.502
NCR05,530.886
DRB01,3157.534
FDE36,3271.262
FDU56,3324.228
FDB23,3597.834
FDN48,1473.639
FDS43,3126.588
NCN05,2925.858
NCL53,3050.48
FDL56,1430.208
FDH17,1278.974
FDP37,2105.917
FDG09,528.709
FDA55,3857.295
FDX31,3985.195
FDJ41,3699.436
DRC24,2447.774
FDQ21,2207.962
NCT54,1471.89
FDH08,3885.472
FDY38,3595.752
DRM11,590.537
FDG32,3628.855
NCH18,3831.056
FDI20,4106.63
FDA33,2108.383
FDN45,3599.301
FDT45,164.649
FDR32,4117.093
FDA48,3925.513
FDN23,2449.174
NCR18,782.438
FDD45,1469.462
FDI22,3167.991
FDT09,2269.593
DRC24,3867.66
FDT39,2558.599
FDX28,1531.398
FDA50,1182.039
FDT33,4346.202
FDQ60,1973.233
NCM19,1500.327
FDF40,3778.505
NCI30,3961.017
FDK34,4009.818
FDA38,5046.862
FDT02,577.182
FDC11,1406.746
FDD08,674.293
NCS29,4532.556
DRI03,503.045
FDK48,1167.696
FDM52,2653.728
FDP49,1047.082
DRA24,2524.688
NCJ43,2929.114
FDE11,3245.298
FDP01,2079.081
FDQ59,1142.096
FDA43,409.333
FDL14,2308.534
FDV50,408.832
FDT01,6072.176
NCC42,2197.036
FDO28,1796.927
FDD32,190.798
FDV45,3307.128
NCW17,324.635
NCJ17,2735.261
NCF18,3659.124
FDP01,2102.294
FDH24,2322.928
FDI38,6118.87
FDX03,680.06
FDY28,3600.628
FDN34,2591.628
FDJ02,2447.779
FDW40,322.012
FDX03,646.612
FDE17,3908.74
FDT58,2579.284
FDI38,3806.062
FDW22,4074.756
FDS15,2709.065
NCX06,3291.695
DRK47,3962.631
FDC23,5055.055
FDM56,276.547
FDP21,3783.94
FDP58,3368.875
FDA27,904.283
FDK41,201.371
NCH42,4513.302
FDG29,630.991
FDW15,1887.852
FDD28,735.201
FDQ37,3081.147
FDC23,3245.715
FDV13,1511.234
FDK33,3294.136
FDO33,1975.214
FDN21,2558.732
NCW06,5642.341
FDI38,3543.842
FDC21,2573.873
NCS05,2067.414
NCN53,687.739
FDV40,138.164
FDG60,4106.68
NCY30,4999.094
FDM40,2093.604
NCO30,2975.272
FDK10,3079.575
FDM36,2831.307
FDN10,1839.007
FDM46,1352.404
FDX50,1588.181
FDP33,3887.094
FDO12,3102.494
FDC28,1726.699
FDO31,1178.359
FDX45,2580.158
FDV21,2085.554
FDH04,1421.789
NCG54,2844.242
FDO13,2559.724
FDA09,5142.086
FDC38,2210.248
NCO42,2177.836
FDL45,2093.762
NCK31,698.292
FDM39,2908.038
FDC22,473.729
FDF46,1901.161
FDQ37,2726.383
FDH41,494.791
FDQ04,677.886
NCQ02,4067.335
FDJ57,5361.358
NCE07,2066.839
FDE56,885.789
FDI20,3906.194
FDK36,614.716
FDP08,6025.554
FDF44,2182.36
NCU53,2388.542
FDF47,3212.059
FDS55,374.972
FDZ52,208.722
FDL04,1462.241
NCM26,2760.232
FDX43,2419.936
FDP52,3911.702
DRK49,766.078
FDE38,2519.025
DRF13,2630.251
FDK41,197.634
FDJ04,3256.556
FDZ44,1474.623
FDS11,3931.038
FDA55,3927.34
NCW53,2729.179
FDB49,2729.326
FDD23,3227.05
NCV42,1603.001
NCZ29,1770.377
FDQ26,985.863
FDV08,662.435
FDC53,1610.071
FDV58,260.691
NCP02,203.78
DRI37,860.579
FDQ12,3795.25
FDE33,1322.072
FDX27,1153.111
FDM22,873.128
NCH30,297.78
FDC04,3895.333
FDO38,1222.757
FDV52,2848.004
FDB32,1689.166
FDV43,594.448
FDI24,2749.096
FDR40,1414.075
FDW02,2403.778
FDE44,809.807
FDL38,1495.776
NCT54,369.107
DRJ39,624.529
FDW55,4252.014
DRF13,336.865
NCW17,2218.504
FDP13,524.793
FDS08,1971.39
NCP17,1242.244
NCO53,3126.349
FDH19,2728.792
FDJ04,2089.147
FDG10,808.255
FDA40,203.249
FDI53,2595.015
FDU09,161.278
FDK60,1472.752
FDR43,616.315
FDW22,3796.334
DRP47,604.474
DRG48,507.635
FDA14,2568.175
FDU49,1360.846
FDK28,3940.962
FDT19,2860.7
NCQ42,1748.816
FDD03,3555.616
NCM53,1591.78
NCX53,2113.238
FDV14,2295.574
NCZ54,2772.588
FDB39,744.665
DRC24,2432.638
FDY36,1224.668
FDN01,3001.625
DRH25,924.202
FDV08,729.831
NCP53,4211.67
FDU52,478.918
NCI42,2745.881
FDZ14,2114.537
FDF11,3815.403
FDQ13,1138.031
FDO32,145.095
DRJ37,2190.337
FDY43,2689.999
NCT41,2665.003
NCV17,2160.294
FDM04,1624.716
DRB48,393.863
FDM24,2407.584
FDT37,4190.2
NCO05,224.167
FDL13,3827.198
FDL15,2431.158
FDB11,3267.537
FDL14,346.934
FDY10,264.259
FDJ40,1892.85
NCW18,3801.712
NCY06,2103.498
DRE13,1150.321
FDA26,3328.92
NCE19,162.782
FDE33,1377.244
DRL59,1549.067
FDY07,730.982
FDF57,2745.866
FDM58,1831.648
FDP26,2773.147
FDY32,2779.151
FDD51,162.964
FDU22,1849.732
FDZ49,3409.528
NCI42,3892.34
FDT04,1012.578
NCU41,2855.874
FDS56,3952.474
NCN42,2547.106
FDK34,3871.892
FDB03,3815.097
DRJ25,760.051
FDT25,3606.5
FDN20,2750.771
FDP09,3400.614
FDM20,405.67
NCG55,1948.849
NCP14,1613.066
NCH06,3536.422
FDV52,1716.916
NCL07,824.387
DRJ11,5443.519
DRO59,1098.113
FDW15,408.208
NCQ30,2064.638
NCN54,208.463
FDY01,3065.007
FDX39,3733.04
FDH53,2370.3
FDA57,736.013
NCC07,236.225
FDU28,2894.571
FDK36,40.673
FDR36,518.067
NCQ17,2422.518
FDS28,185.725
FDE08,2770.317
FDU22,2060.668
FDG41,1662.871
FDO31,217.485
FDM21,618.426
FDU40,2566.869
FDV36,1814.302
FDT10,1748.789
FDX38,726.473
NCU30,4013.98
NCV06,3290.147
FDT16,4287.542
NCP41,2630.553
FDZ56,2839.011
FDC22,3256.364
FDU10,632.109
FDS46,1835.817
FDO08,2682.425
NCV42,1416.358
FDP33,4360.742
FDJ12,3580.178
FDH04,1265.905
NCU54,3529.778
FDO36,405.52
FDT37,6094.347
FDD14,537.921
FDA16,3980.548
NCS42,245.263
FDP10,192.218
FDQ28,2614.252
FDK57,311.236
FDK02,1906.848
FDW47,1615.054
NCC42,1822.728
FDQ37,3349.906
FDL40,1465.797
DRE13,312.888
FDQ34,2780.687
NCB54,2048.016
FDS48,2653.728
FDO15,1080.532
NCT30,757.878
FDU49,2414.586
FDE21,1963.824
FDS49,235.069
FDT38,2419.222
FDZ01,1706.691
FDC41,1292.109
DRG13,387.839
NCZ42,3708.017
NCM07,1301.005
NCV17,1889.406
DRK39,1309.903
FDS37,1658.044
FDV12,244.58
NCG19,3408.8
FDS51,1035.571
NCO14,532.014
FDC38,2153.995
FDN15,2249.205
NCH42,4202.074
FDQ22,624.676
FDC05,3096.308
FDZ31,3182.709
DRJ23,3119.587
FDC52,2658.722
DRD12,227.635
FDV55,2484.238
FDD32,1253.306
FDR01,3400.818
FDY08,307.916
FDQ45,2832.724
DRN11,3755.097
NCS05,1816.466
FDY32,2660.564
NCD31,2575.662
NCE06,2687.035
NCP14,1685.164
NCF18,466.674
FDF14,2162.737
FDB22,2344.477
NCH54,2529.763
FDU27,751.092
FDS58,4355.63
NCU29,2562.57
FDJ57,3171.606
FDL56,1430.967
FDH60,3323.129
FDN24,750.831
FDD02,2276.682
FDP15,4693.758
FDB28,5518.272
DRC49,2359.95
NCG30,1846.389
FDJ14,1216.516
FDL52,651.113
NCG19,6757.822
NCN41,2068.396
FDW22,3888.128
FDI02,1841.69
FDV51,2570.814
FDV48,1323.332
NCL17,308.542
FDP46,1338.079
FDU10,578.877
FDT37,590.315
FDI27,812.315
FDN51,4517.578
FDW07,1336.253
FDN45,3484.146
DRN37,4306.548
DRF48,3009.012
FDP38,77.398
NCX18,5151.458
FDK45,1596.19
FDZ37,1374.873
FDS50,3315.815
NCR54,2997.784
NCS17,1504.057
FDV31,2807.046
DRE27,1409.376
FDN60,2591.838
FDK26,3026.144
FDX37,1149.33
FDW31,3008.519
FDX26,3392.988
DRL49,221.59
FDU49,1447.302
FDY58,3595.461
FDN03,3789.232
NCV06,514.333
FDH53,1258.03
FDG31,1004.74
NCC06,2001.752
FDS13,4412.556
FDP16,4294.028
FDA35,2090.204
DRP47,3640.736
FDY28,683.166
FDY20,1446.475
NCH30,1891.49
NCR29,193.087
NCP05,2607.117
NCF30,289.292
FDA08,2662.917
FDN51,6987.005
FDH12,1684.803
FDY39,3630.762
NCO53,3107.7
FDB40,2558.893
FDH02,1360.266
FDY11,1864.268
FDQ09,281.881
FDP16,4051.068
NCF55,444.382
FDY09,4818.009
FDY39,3885.928
NCU53,2407.906
NCT41,2626.96
FDJ45,615.959
FDR28,2657.444
FDN08,1918.652
FDJ07,1905.304
FDZ09,4137.016
FDQ14,2408.576
FDY12,1466.052
FDK57,1959.493
FDD20,2206.534
FDS36,1711.849
FDI40,1742.178
FDJ40,1786.614
FDE08,2895.268
DRK01,1433.769
FDC58,640.456
FDE50,2889.298
FDX48,2830.755
DRM35,2620.986
FDG41,1642.1
FDB52,3221.729
FDV19,2532.651
DRG48,2552.36
FDI26,2792.352
FDU11,268.997
FDF59,301.427
FDR07,1312.026
NCE06,2352.713
FDE10,2119.12
NCO55,1790.682
FDZ13,781.9
FDT50,1571.59
FDH12,254.677
FDD21,1990.216
NCM05,4721.664
FDK04,889.932
FDN33,1558.388
NCM18,160.874
DRC25,1349.554
FDT47,1770.08
FDD45,2642.924
NCD07,1649.492
NCY54,485.273
FDL12,953.679
FDL02,1709.057
FDC60,1790.905
FDR37,2912.602
FDY16,3190.736
FDU26,1715.234
FDN24,822.961
FDH44,2539.288
FDE23,183.568
FDW60,3126.331
FDQ55,2045.956
FDV32,1823.062
FDV03,389.714
FDY14,924.076
NCL55,5498.28
DRF25,685.838
FDX03,635.868
FDF40,3900.967
FDX24,206.607
FDA25,1765.166
FDH21,2226.41
FDB47,506.578
FDT34,291.742
FDS39,341.274
NCU05,1239.896
FDE02,1538.499
FDL25,1487.97
FDC50,1516.187
FDZ32,1713.796
FDV14,1322.252
FDR07,1186.362
FDB26,920.523
NCR50,2590.788
FDP01,2048.461
FDH57,1916.406
FDM60,1051.649
FDA45,2625.464
FDU55,4810.156
FDH40,1357.087
FDG40,68.076
FDT12,3932.145
DRL59,821.226
FDT47,1634.158
FDI60,1026.275
DRF51,1064.427
NCK31,769.35
FDB08,2353.549
FDM44,1992.439
FDD46,1937.951
FDR27,315.612
FDV56,231.938
FDM02,1369.327
FDU45,1439.818
FDZ10,2122.315
NCK31,79.338
FDR27,2125.604
FDF33,1628.729
FDJ36,1668.656
FDP33,4136.937
FDG17,3844.155
FDG47,6534.644
NCW29,2054.169
DRH59,1163.015
FDR32,3986.1
FDP48,3454.862
FDG17,4115.28
DRJ59,633.34
FDY48,2613.242
FDB02,2851.478
FDN10,274.786
NCD55,740.275
FDX34,2110.185
FDZ38,3295.551
DRF37,3908.757
DRL47,243.299
FDL27,1094.896
NCP53,4327.125
FDT03,333.245
FDJ28,3804.287
FDF40,3585.883
FDA32,3964.994
NCP02,909.674
FDZ31,3073.35
NCQ29,3867.364
FDP57,245.57
FDL32,3087.256
DRB01,3160.581
FDJ40,1800.158
FDO24,2338.827
FDO11,3101.417
FDA56,2254.027
FDF02,1671.34
FDA10,1913.355
NCI55,2149.255
FDZ40,154.821
FDV08,649.766
FDN48,1389.49
FDU57,2430.006
DRF49,1815.627
FDS02,3251.751
FDS43,2990.918
FDT16,4530.786
FDX19,5698.846
FDK15,1708.653
DRA12,2259.507
FDY35,877.184
NCU42,2847.91
FDD26,3205.867
FDR11,2377.089
NCP53,3967.528
FDP34,2666.698
NCV41,284.072
FDN20,2384.977
FDZ16,3054.632
FDZ28,2077.712
NCL55,4062.97
NCJ17,1730.698
FDT37,3904.946
FDV51,2771.523
FDZ28,2018.822
FDN27,1801.5
FDS14,333.573
FDZ58,1986.964
FDD46,2458.535
FDJ03,867.508
FDU03,418.495
FDA33,3812.233
NCW53,3309.438
NCC55,647.714
FDP52,600.111
FDE39,2062.05
FDB44,3439.7
FDG59,631.114
FDI05,1146.266
FDF59,1900.681
FDM39,407.8
FDB14,1497.162
NCS05,332.552
DRJ35,881.903
FDO31,254.862
FDA31,2836.434
FDX40,631.552
FDW56,2956.56
FDH09,621.952
FDA52,476.677
FDF20,329.509
FDE40,1011.22
NCU17,1648.044
NCP14,1678.716
FDN25,1686.344
FDU39,961.902
NCM05,3775.664
FDU07,2417.614
FDF28,2041.598
FDR57,2564.129
FDJ33,2070.169
DRH23,905.39
FDQ52,4253.551
DRK13,2961.691
FDP09,3765.558
FDR08,2719.147
FDV50,1906.337
FDT13,3271.446
FDJ27,2842.464
FDH21,2568.605
FDW14,2355.4
FDL52,737.865
FDW28,3022.976
FDL40,1500.093
FDE24,2206.64
FDX35,3890.031
FDP46,1438.318
FDX56,3474.934
FDQ45,3169.248
FDK50,4195.616
FDY26,3436.306
FDQ09,1868.114
FDN39,2786.309
FDP13,665.745
FDR51,2457.034
FDZ49,495.008
FDL28,3136.616
FDZ10,2083.912
FDK38,2358.22
DRL49,3194.163
FDR15,2466.241
FDQ24,4348.499
FDD56,2998.794
NCR42,624.931
FDH52,960.672
FDH57,232.566
FDR15,363.942
FDJ34,1943.252
FDW37,1453.262
FDQ23,1436.547
FDP34,2661.222
FDE04,4606.77
FDC48,1208.611
FDA47,364.065
FDI35,2831.518
NCV05,2086.674
FDR28,2631.922
FDH31,1549.377
FDP59,232.942
FDS19,1051.536
FDM60,589.125
FDJ44,2685.188
DRH51,1392.694
DRC25,1572.228
DRE25,1409.915
NCX05,1979.2
FDR11,2583.516
DRP47,3880.494
DRC49,369.885
FDQ47,1222.968
FDL20,1812.503
FDM34,2192.757
NCN55,4265.068
FDD41,1688.541
FDE52,1374.14
NCT18,495.303
FDJ32,670.742
FDE16,3789.963
FDZ09,2590.956
DRZ11,1977.361
FDK41,1405.506
FDE56,1042.065
FDH34,3074.222
DRI49,1308.787
DRI59,3820.607
DRC36,2878.906
FDS15,262.379
FDI07,2929.093
FDZ15,1688.196
NCX41,4994.534
NCO29,331.232
FDF57,2847.268
FDI33,1541.446
DRJ47,2637.123
FDB34,1341.273
FDY22,3415.816
DRL11,2563.494
FDY46,3249.82
FDG17,4059.81
FDE52,1282.066
DRP47,6803.941
FDO01,205.495
FDL09,2566.232
FDR57,2464.133
DRD37,869.594
FDQ36,1195.715
FDL33,3333.377
FDL48,742.463
FDL28,3867.34
NCN29,769.948
FDO13,2746.973
FDB38,2720.756
FDI36,3054.538
FDI58,1606.17
FDH22,1880.425
FDQ27,2114.392
FDT33,2668.609
FDC56,1829.71
FDF14,2492.289
FDQ39,3277.307
NCM43,2669.233
FDS46,2100.021
FDI22,3746.702
NCE43,2643.722
FDZ36,591.932
FDR13,259.768
FDP46,1205.184
FDW56,446.852
FDB40,2837.985
FDM28,2446.303
FDV49,4488.69
NCS53,2516.218
FDO03,4346.328
FDT15,3278.875
FDD33,3818.549
FDX13,4077.988
FDH60,3055.135
DRH51,1360.815
NCL07,719.156
FDW51,3307.982
FDF21,633.415
FDH26,246.116
FDJ03,792.76
FDU35,1648.867
DRL01,3328.426
FDE59,611.354
FDI60,1052.778
DRH39,1273.468
FDK36,718.517
FDN52,1349.545
FDU12,3768.134
NCT05,5970.782
FDS37,2857.024
FDK24,806.785
DRF36,3274.727
FDN46,253.17
NCN06,2623.66
FDD59,1386.789
FDM14,1720.715
FDO10,762.949
FDU35,1588.242
NCA30,2887.91
NCO41,1569.93
FDI24,3044.331
FDZ16,3164.652
FDV47,1329.85
FDV16,639.544
FDZ22,1333.448
FDO20,584.644
FDW38,872.015
FDW52,2781.662
FDT43,135.006
NCS29,3349.483
NCC31,2503.605
FDA21,3330.982
FDQ55,2001.404
NCE54,1246.646
FDD45,1552.326
NCP17,1050.408
FDR47,3223.376
DRM35,2894.375
FDR47,482.786
FDX19,529.149
FDV22,4004.501
FDQ46,3226.484
DRO47,1606.901
FDB44,504.406
FDN02,587.617
FDW10,2393.133
FDJ41,959.38
FDM50,853.091
FDW10,2692.99
FDY48,1686.633
NCE30,5336.059
FDO04,854.593
FDQ26,154.973
NCX29,2171.77
FDE39,1943.295
NCR54,5638.38
NCP55,1516.413
FDX22,3993.97
FDI05,1203.458
FDC51,3266.93
FDC10,1993.464
FDJ46,2886.244
FDV10,103.133
FDX12,5597.254
FDL43,167.404
DRB13,3022.301
FDF59,3250.038
FDT35,2745.615
NCJ19,942.444
FDT35,2576.466
FDI48,712.749
DRC24,362.506
NCZ05,1671.996
FDJ57,3420.398
FDX11,3311.583
FDE09,1953.793
NCK06,2121.647
DRE37,3258.815
FDV56,1603.344
FDY43,2754.788
FDV35,2354.0
FDF05,975.945
FDA36,2752.332
FDS13,7140.098
FDU47,2257.895
FDI36,474.169
FDH48,1373.336
FDZ14,2031.743
FDS46,1974.072
FDE21,2062.453
FDA26,4052.646
FDV12,1598.625
FDL46,285.071
FDN57,2079.443
NCJ18,1924.329
FDO36,2792.206
FDX55,3097.517
FDT25,284.514
FDD16,1007.005
NCX18,3104.984
NCG55,1689.362
NCV18,1605.164
NCS18,1824.421
FDC37,1530.605
FDE47,2048.692
DRG49,508.566
FDC39,3758.812
FDH24,459.965
FDV39,4710.026
NCL17,2002.709
NCY53,1960.995
FDH52,929.6
NCD19,641.312
FDI44,1231.692
DRD49,6292.492
FDN08,1911.319
FDO20,6138.196
FDY02,3611.823
FDX23,1404.36
FDX01,1916.136
FDH20,2771.655
NCX41,3782.156
FDD21,3265.744
DRH11,228.826
DRE60,3508.28
FDB10,3813.66
FDH38,1823.389
NCL07,506.408
FDD48,1900.218
NCT54,2648.714
FDF32,5612.83
DRH51,1374.801
DRG03,2610.588
NCY42,348.077
FDH32,1506.357
NCJ06,3030.876
FDH47,2848.323
FDZ08,1142.773
FDK16,1557.449
DRG01,1118.956
NCM53,2484.84
NCB07,3072.152
NCZ06,3658.113
FDU48,1904.927
NCB55,1719.746
FDP15,4384.615
FDF17,2663.307
NCN06,3054.571
DRM48,502.261
FDH10,2675.422
FDC60,1313.827
FDE35,719.136
DRI23,2436.57
NCR38,3766.965
FDP04,1107.58
NCW17,2072.728
FDX34,2033.637
NCK53,1405.969
NCO54,142.127
NCH55,2018.787
FDT44,3207.142
DRG49,3945.024
FDX46,171.693
DRG36,3003.064
FDU37,1332.879
FDK10,2929.996
DRF37,6027.434
FDC44,1887.516
FDP15,4040.726
FDZ27,1264.094
FDY22,316.245
DRG51,3035.444
FDN58,3697.678
FDW01,2524.333
FDX24,1258.432
FDO51,625.173
FDJ52,4178.38
NCY06,305.453
FDE20,2526.749
FDT23,206.647
FDQ51,744.735
FDE35,959.296
FDB46,3763.64
NCG19,3634.391
NCL06,3359.542
FDT36,143.777
FDC56,2083.634
FDJ26,3499.528
FDZ59,2693.942
FDV11,4724.2
FDR13,272.953
FDI15,3319.356
FDF47,3241.121
NCB54,289.178
NCK19,5438.173
FDX16,2364.902
FDL50,1943.445
NCE31,693.94
DRJ01,2297.342
FDE22,2588.216
FDY20,219.116
NCO14,587.743
NCR50,2612.262
DRM47,3175.32
FDO27,275.794
FDJ20,3441.64
NCX17,3455.4
FDG59,654.016
FDD52,1622.367
FDO48,4102.581
FDC59,195.969
FDS15,1315.56
FDB47,3818.032
FDV14,184.935
FDB27,3109.588
FDA35,2181.72
FDN51,3930.201
FDO39,456.02
FDB28,3261.283
DRJ25,788.899
FDH46,2537.047
FDI10,2927.398
FDU21,163.559
FDD09,3121.655
FDD10,2818.237
FDN31,416.763
FDA46,3039.851
FDM56,1589.99
FDF11,647.889
FDS32,1854.706
NCM06,2244.804
FDZ26,4041.826
FDO01,1966.966
FDJ46,2837.244
FDG26,603.37
FDZ38,3631.202
NCO55,1806.43
FDT60,2121.576
FDW37,1333.672
NCK42,3016.011
FDA45,2410.837
FDW55,3692.584
FDY44,3300.99
FDQ31,1471.315
FDM09,2848.733
FDH12,1272.967
NCQ43,1705.69
FDT33,2273.396
NCT41,2179.452
DRJ25,136.898
NCQ41,3148.818
NCN17,1623.707
DRO35,3001.517
FDU27,651.971
FDY43,4538.663
FDG46,2065.99
DRL49,1659.115
NCB55,973.183
FDK28,4294.986
FDO49,767.845
FDT03,2156.371
FDW33,2694.548
FDR02,2005.657
FDF50,2915.965
FDA40,1233.13
NCT53,2285.282
FDY60,2416.764
FDP44,2680.959
NCQ50,3580.352
NCC30,2984.303
FDQ60,1889.109
FDG41,1658.594
FDQ03,3753.121
FDM03,1672.436
FDZ51,1219.982
DRF51,686.668
FDF39,4219.573
FDW52,2957.404
FDY22,2583.783
FDG14,2448.961
FDA57,694.794
FDL45,278.961
FDX28,1579.851
NCQ54,3164.466
FDH40,1138.58
FDU52,2585.562
FDT60,224.213
FDK08,1527.426
FDN04,2711.587
FDE50,3005.64
FDI16,813.79
FDM50,1006.763
NCV30,965.369
FDT44,1964.313
FDY60,2590.415
FDT56,932.069
FDV58,2746.588
FDU04,2110.738
NCN05,4977.128
FDI53,2368.715
FDD34,2606.936
FDW47,3483.738
FDT51,2950.994
FDO27,1516.652
NCQ18,1485.322
NCW05,1658.235
FDI15,752.1
NCH43,689.867
FDT40,1940.75
NCG19,3642.034
NCM30,783.318
FDB38,2735.634
FDB22,2310.616
FDC58,534.735
NCI29,2104.078
FDA23,279.685
DRG48,2475.892
FDV21,2023.076
NCG18,272.121
FDG40,591.894
FDU24,1456.694
FDA22,2653.388
FDY35,803.643
FDJ15,3361.5
NCW18,3248.065
FDK56,2979.071
FDF44,2165.023
FDP51,2154.103
FDU22,3188.743
FDM28,2897.058
NCL42,4052.778
FDJ15,703.297
FDI32,1785.518
DRL11,2490.365
DRO59,951.147
FDA07,281.797
NCO53,3090.812
FDO21,3144.091
FDW39,2839.003
NCV17,2178.15
FDE22,2491.282
NCB06,2346.548
DRF48,3062.698
FDB05,3373.306
FDP28,6315.551
FDP23,3539.43
NCS41,2862.378
FDS40,391.238
FDA16,3799.366
FDN20,3143.184
FDF04,6552.622
DRG36,2534.146
FDW16,1246.748
FDU09,939.241
FDW01,2444.0
FDB15,4198.52
NCJ17,1662.951
NCT18,2651.426
FDG16,3191.134
FDP27,3171.212
FDQ44,3218.916
FDL50,3503.783
FDW57,5162.24
FDS34,1895.857
NCV30,1169.566
FDD26,2641.823
FDA03,2183.797
FDS27,2332.876
FDM12,3103.234
NCV42,3111.524
NCS41,3129.19
FDN56,1829.902
DRK59,3439.202
NCG18,1666.981
NCN26,2058.767
FDI60,1688.818
NCI43,851.82
NCL17,2251.205
FDQ19,699.502
FDY43,2709.315
FDR36,701.644
FDJ58,2917.962
DRY23,752.734
FDK26,4557.452
DRH03,1432.565
FDC10,275.881
FDD23,3147.032
FDP32,1821.55
FDO31,1478.796
FDQ57,2448.238
FDX32,4085.892
FDC39,5756.342
FDU55,4539.335
FDL45,2257.741
DRK37,3764.546
FDK22,3435.105
DRG37,4203.852
FDK22,3619.409
DRH36,1000.296
DRC36,2629.322
DRE03,1191.497
FDF34,2617.381
FDZ22,1284.508
FDC44,309.098
FDN31,5113.137
FDO03,4360.132
FDA01,916.12
NCH42,4311.056
FDF46,1710.136
DRL35,669.328
FDW46,1101.382
FDB58,2206.712
FDD47,2450.0
NCO17,1887.805
FDJ26,3502.849
FDU37,1249.296
